INCOME;SAVINGS;DEBT;T_CLOTHING_12;T_EDUCATION_12;T_ENTERTAINMENT_12;T_FINES_12;T_GAMBLING_12;T_GROCERIES_12;T_HEALTH_12;T_HOUSING_12;T_TAX_12;T_TRAVEL_12;T_UTILITIES_12;T_EXPENDITURE_12;CREDIT_SCORE;DEFAULT
33269;0;532304;1889;0;3068;0;1313;4849;320;3006;0;17893;931;33269;444;1
77158;91187;315648;5818;0;17244;0;0;5224;467;16339;1973;20234;2845;70144;625;0
30917;21642;534864;1157;0;3611;36;1201;4335;891;2759;0;16072;855;30917;469;1
80657;64526;629125;6857;4402;13446;0;7796;4547;2068;12619;1675;25038;2209;80657;559;0
149971;1172498;2399531;1978;0;5194;0;1734;34814;7513;42658;3941;28167;10338;136337;473;0
181636;339055;1695274;11446;5680;21832;0;0;24778;7429;30650;7889;0;11387;121091;596;0
60881;42617;383550;2658;0;10264;479;0;3207;1947;9741;1411;29482;1692;60881;580;0
220838;186863;2225362;4383;0;35845;0;0;28124;8873;0;11593;62496;18561;169875;596;0
78615;62892;110061;5912;0;23931;0;11716;8023;2793;20089;2668;0;3483;78615;638;0
174000;1502729;411273;2831;0;8683;0;2261;45891;6001;51602;4333;24098;12482;158182;636;0
193225;1410542;2589215;5276;33375;12255;0;0;63812;9627;0;7431;43552;17897;193225;552;0
98937;89043;742028;9001;5049;20305;0;9201;5212;2119;14503;2100;28927;2520;98937;538;1
14291;207220;20007;1688;0;3616;0;0;4430;2731;0;161;0;1665;14291;624;1
166965;400716;678991;5995;3567;13545;0;6519;14778;3498;0;5441;50833;7134;111310;582;0
209348;209348;1084801;16933;8987;27164;0;0;9925;3851;25734;3416;89829;4477;190316;602;0
82618;859227;132189;1999;0;9371;0;0;12729;9104;0;468;44641;4306;82618;636;0
56930;404832;56930;1937;0;6961;0;614;8454;2872;14381;383;24453;3200;63255;651;0
35512;17756;273442;5392;3697;11236;0;6627;4058;1246;0;1413;0;1843;35512;548;0
0;57923;57923;0;0;0;0;530;876;182;0;0;13223;432;15243;576;0
25301;232310;23001;1130;0;2706;0;0;3839;1256;5600;132;7095;1243;23001;593;0
378893;622467;1975657;22731;8396;31975;0;0;34507;12037;0;13890;130447;16655;270638;563;1
6789;3879;0;124;0;2460;0;0;438;0;0;0;6676;0;9698;599;0
11371;91999;9303;562;0;2904;0;204;3254;2177;0;132;0;1104;10337;673;0
81157;14756;81157;14177;0;26533;0;12895;10293;2527;0;3011;0;4343;73779;646;0
126790;369803;1215067;8313;4359;16217;0;0;14884;8582;0;6613;38039;8651;105658;581;0
189395;206612;671490;16742;9353;28487;0;17294;8315;3014;26779;3879;53665;4649;172177;633;0
26754;16052;179252;2720;0;9066;0;0;2960;870;8599;1040;0;1499;26754;566;0
113172;833360;967110;3519;0;8629;0;0;56103;11038;0;6529;0;17066;102884;596;0
0;55493;96098;0;0;0;0;0;865;149;1210;0;10886;425;13535;623;0
60213;876429;73593;2928;0;10110;0;0;10364;8264;15444;408;15967;3418;66903;630;1
49201;44281;226325;5277;2939;9025;0;0;3015;1056;8410;1117;16896;1466;49201;624;0
364432;1027036;2285984;1855;35493;20864;0;3292;83549;15147;77834;7843;66650;18775;331302;597;0
122247;48899;1014650;7797;0;29714;0;0;9994;4025;0;4023;61850;4844;122247;581;0
276482;1543693;23040;11165;34084;12021;0;2881;70272;10853;0;7538;63455;18133;230402;670;0
455849;1329559;1063647;17402;0;54719;0;0;41827;16926;54515;16846;157319;20320;379874;645;1
22231;244541;37793;1342;0;2069;0;0;3115;2498;0;108;12149;950;22231;616;1
199356;398712;398712;25087;0;25035;0;0;27590;11241;0;11085;52857;13235;166130;632;0
62978;377870;108781;1457;0;6502;0;0;6506;6734;13535;330;19201;2988;57253;639;0
0;6979;6611;0;0;0;0;609;900;114;1518;0;0;532;3673;490;0
167342;669370;1073780;16029;0;38827;0;15692;31368;10841;0;11570;0;15125;139452;555;0
29647;438776;41506;1361;0;3879;0;0;5206;2148;0;176;15305;1572;29647;644;1
22191;254192;14122;898;0;2506;0;232;3557;2456;0;121;9249;1155;20174;642;0
39989;383894;11997;1008;0;4490;0;341;5382;5613;9167;200;11756;2032;39989;630;0
68682;611892;49950;1667;0;9012;0;0;8489;4662;18791;492;15155;4170;62438;695;0
0;5872;23487;0;0;0;0;0;369;36;411;0;4374;148;5338;462;1
257356;857852;793513;15089;0;31896;517;0;32547;10887;0;12713;94163;16651;214463;654;0
165726;1446336;708102;8186;0;8386;0;2302;53413;11577;0;5238;47747;13811;150660;577;0
88428;405295;36845;4948;0;3086;0;0;27597;4721;0;2299;24980;6059;73690;652;0
8147;741;216996;417;2629;1377;0;0;1425;299;962;0;0;297;7406;407;0
105049;183836;595279;8766;0;12761;0;6156;11381;3270;0;4197;35493;5517;87541;545;0
337587;882919;1921647;22635;0;35969;0;0;38592;11200;0;15515;117163;18608;259682;699;0
445075;1051996;3439219;26489;9911;55831;0;21462;45203;10470;53188;15068;147255;19737;404614;453;1
82444;16489;486420;4336;0;25726;0;0;5556;1070;16667;2212;23985;2892;82444;590;0
106005;752636;773836;6060;0;4566;0;1016;38977;4171;0;3461;38666;9088;106005;529;0
68418;373188;74638;883;0;9763;0;669;7621;4625;15565;374;19240;3458;62198;630;0
202715;827752;3361687;3546;0;7107;0;2507;44710;6644;57616;5805;27029;13965;168929;475;1
17834;116914;37650;580;0;2535;0;0;2593;2405;4404;120;6199;980;19816;644;0
183630;535588;1943418;8631;0;5104;0;0;46030;9872;41120;3797;28551;9920;153025;541;1
0;18054;54162;0;0;0;0;493;621;91;0;0;7447;375;9027;562;0
152243;478478;772090;4225;4656;17741;0;11162;17563;3686;0;7731;32692;9289;108745;599;0
31753;346392;49072;693;0;4144;0;0;3578;1747;6639;165;10428;1472;28866;601;0
297745;893235;1020840;14135;0;36006;0;15550;34732;12033;0;15611;65859;18749;212675;588;0
197073;1021195;1863233;8416;20415;7366;0;1964;42294;5224;44960;3398;34209;10911;179157;572;0
45142;45142;126398;5145;5786;20652;334;0;5403;2746;0;2202;0;2874;45142;608;0
0;16496;19795;0;0;0;0;0;768;124;1295;0;5607;454;8248;596;1
189857;348071;996748;13607;0;18590;0;0;22366;5000;0;8136;80710;9805;158214;617;0
87990;223975;63993;2868;0;3593;0;0;21098;4564;22511;2268;17606;5483;79991;631;0
545667;873067;4983759;33088;0;35797;412;15609;47583;8850;51075;14464;137930;18970;363778;538;1
230770;609893;725278;7936;0;24988;0;0;23179;7927;0;8535;81016;11255;164836;638;0
74577;522039;149154;6070;0;8766;0;0;11959;7481;0;480;35786;4035;74577;584;1
98229;392916;1241256;17615;4387;16728;0;7300;20231;6994;0;7293;0;8751;89299;517;1
224036;936877;1120180;9245;0;9034;0;0;69424;16997;73638;7419;0;17912;203669;636;0
295637;665183;2833186;10551;0;8769;0;3154;67448;15060;71691;7224;45123;17344;246364;585;1
39822;50683;242553;3015;2391;7175;148;4475;1989;332;6854;830;7797;1196;36202;582;0
85809;288630;312032;969;13713;3735;0;1217;24665;3919;0;3053;19356;7381;78008;613;0
371850;2738164;405654;12860;35981;9726;0;0;78291;19709;78999;7960;75308;19211;338045;716;0
287128;242955;3136326;17903;6629;25500;0;0;27310;8022;35630;11010;75630;13234;220868;519;0
35947;330712;0;1260;0;4108;0;0;5023;2886;8517;209;12063;1881;35947;648;1
461420;1417220;3229943;16469;9838;37452;0;19824;40620;18675;52912;12267;101862;19667;329586;740;0
53691;10738;263086;4642;0;11207;0;0;3042;765;10612;1536;20043;1844;53691;616;1
21767;166219;35618;1828;0;4406;0;0;6009;5245;0;240;0;2060;19788;619;0
0;29214;113782;0;0;0;0;571;872;231;1230;0;12042;430;15376;582;0
99273;148910;89346;7158;0;29056;0;0;9560;1808;0;4014;42847;4830;99273;676;0
177977;161797;453032;28067;8127;24246;0;0;9981;2914;23415;3391;57584;4072;161797;625;0
42727;371725;81181;1968;0;4248;47;0;5788;3609;8778;228;16114;1947;42727;603;1
124887;133213;266426;7240;0;17843;0;9073;23483;8933;0;7220;0;9466;83258;593;1
28444;173249;36201;1063;0;2985;0;0;4438;2238;0;168;13568;1398;25858;553;1
557523;1154870;2349563;7875;10190;39301;0;18216;41516;22045;55059;17013;166512;20504;398231;732;0
0;9707;29929;0;0;0;0;313;625;109;744;0;6042;256;8089;500;1
270296;602968;2099992;15722;5710;21804;0;10098;23730;13551;30768;8714;66433;11390;207920;603;0
163513;252702;758105;3605;0;39950;0;0;26318;10849;0;11215;40531;16180;148648;612;0
163528;572348;1896925;10696;0;10377;0;3721;92156;19123;0;7066;0;20389;163528;504;0
114054;725795;684321;4173;0;3617;0;0;27528;2512;29258;2948;26544;7105;103685;603;1
56657;442952;51506;1085;0;6273;0;0;7618;3517;12920;308;16915;2870;51506;635;1
67827;776239;82899;6359;0;9364;0;0;12660;8102;0;516;33977;4385;75363;639;0
88276;105931;635587;8884;0;17509;0;8606;5914;1727;0;2180;40585;2871;88276;564;0
123364;185046;1122612;4577;0;35005;0;0;10607;4622;0;3829;59699;5025;123364;535;0
64249;147773;1278555;1857;10413;2783;0;928;21343;5286;0;2289;13856;5494;64249;447;1
174117;411549;2311005;7020;5367;20297;0;0;20203;6062;28903;8931;50785;10720;158288;552;0
113584;435404;870808;4820;0;21597;0;8523;16318;4867;23308;6602;0;8618;94653;541;1
0;5078;48245;0;0;0;0;0;548;56;796;0;4672;276;6348;548;0
169985;538285;1501532;11900;6279;31279;0;0;28375;7258;33671;10404;0;12488;141654;573;0
30500;206723;30500;1083;0;3510;0;323;4302;3010;7302;176;12565;1618;33889;644;0
245854;770344;655612;11640;6807;26034;0;0;25886;7623;0;10361;61977;13575;163903;714;0
156316;203211;1078580;10228;0;35787;0;0;10356;3234;25106;3636;63583;4386;156316;559;0
392466;1298157;3200108;27218;8522;32798;0;0;37554;12764;0;12981;153027;17033;301897;515;0
0;87105;40773;0;0;0;0;0;1274;305;1549;0;14866;539;18533;556;0
174554;1221878;2059737;10928;25601;6823;0;0;54798;13274;0;5689;43760;13681;174554;540;1
0;47686;22321;0;0;0;0;0;733;87;0;0;8974;352;10146;544;1
32790;366651;47694;1297;0;3955;0;365;4872;4501;0;198;12780;1841;29809;605;0
19242;16836;98613;935;6756;2556;47;0;3607;737;0;0;8638;776;24052;647;1
54779;59759;453171;2501;0;7557;0;0;2811;1591;7163;951;25976;1249;49799;548;0
158860;303278;1588598;5376;16608;4425;0;1523;34301;7387;36509;3678;25722;8889;144418;563;1
188522;616982;1233965;14512;0;19311;0;9432;21519;7454;0;8640;80194;10322;171384;546;1
433903;1814502;3629004;42342;0;57459;0;20936;42225;16623;0;13914;180840;20118;394457;598;1
48754;224268;667930;846;0;3676;0;0;26912;7382;0;2743;0;7195;48754;539;0
309626;2702189;2279972;14934;0;14177;0;2931;73147;17989;77812;7186;54407;18895;281478;520;1
85848;788244;62435;1338;0;7980;0;0;10856;9105;16426;396;28295;3648;78044;637;1
12615;7884;466762;376;4562;1718;0;0;2077;216;1677;0;4622;521;15769;389;1
25331;322392;39148;697;0;3941;0;0;4828;3351;8201;198;0;1812;23028;629;0
2783;1855;0;103;216;3889;0;0;430;0;0;0;0;0;4638;570;0
28329;181306;39661;1361;0;2721;0;247;3568;2557;5691;135;10797;1252;28329;650;0
55865;50278;502785;5873;0;12293;0;7263;4381;2133;0;1670;20232;2020;55865;547;0
60744;747151;6074;2004;0;6630;0;0;8227;7115;0;330;33389;3049;60744;627;0
17783;247184;14226;608;0;2553;0;0;2760;424;5272;132;4872;1162;17783;683;0
257093;237317;850385;21152;0;37788;0;0;46672;4680;53732;13837;0;19903;197764;614;1
95946;759572;239865;3045;16193;4357;292;0;37027;6825;0;3588;0;8628;79955;623;0
92891;139336;371564;16704;8182;24885;0;0;9275;3127;23508;3120;0;4090;92891;608;1
150768;41119;1000553;13714;0;38678;0;15824;8866;3523;0;3570;48584;4303;137062;549;0
13271;2654;290635;618;5182;2685;0;876;2757;564;0;0;0;589;13271;439;1
386976;1250231;654883;36665;0;43717;0;0;42415;11024;0;10896;135470;17487;297674;562;0
89013;80112;854525;8615;0;13534;0;0;4857;1860;12766;1694;43467;2220;89013;550;1
29458;23566;288688;1567;0;4578;0;0;4770;557;0;0;17044;942;29458;485;1
295259;840351;2657327;8158;0;27789;0;14295;30679;12107;0;10236;109149;14709;227122;603;1
159746;261403;319493;18509;9576;29336;0;0;9249;3136;0;3663;66937;4818;145224;637;0
16232;3246;412293;267;4237;1612;0;0;2249;409;1568;0;5405;485;16232;396;1
179326;435506;1306518;12306;0;13503;0;0;16923;2786;19136;5421;50922;7093;128090;587;0
7501;2500;0;265;0;7190;0;0;879;0;0;0;0;0;8334;627;0
332986;880034;2449824;20865;0;33075;0;17659;35740;11990;0;14370;86800;17348;237847;640;0
24442;157762;13332;642;0;3532;0;0;2872;1652;4894;132;7405;1091;22220;612;0
19798;22272;138583;1127;0;2888;0;0;4504;899;0;0;14442;887;24747;575;0
65690;65690;302174;3427;0;16496;0;6075;4702;927;11664;1691;18678;2030;65690;550;0
79805;348240;224905;17723;0;11812;0;6380;16027;9017;0;5270;0;6321;72550;551;0
122275;442073;799493;6558;0;9981;0;5647;10933;3776;14268;3307;34297;5291;94058;557;0
240892;306590;766476;23077;8463;30783;0;15685;11277;6658;0;3512;115310;4228;218993;554;0
30367;343147;36440;606;0;3821;0;0;3900;3547;6587;168;10280;1458;30367;628;1
120396;953135;1956435;1968;0;4552;202;0;32349;2420;36883;3715;9232;9009;100330;494;1
113108;45243;1063215;7161;0;38617;0;0;8724;3687;25897;3438;21084;4500;113108;556;0
97109;135953;699185;5192;8166;24485;0;0;8277;1468;0;3087;42357;4077;97109;600;0
275239;550477;613994;12273;0;38466;0;0;36607;7202;0;16933;79811;20430;211722;708;0
66816;861926;93542;1799;0;9150;0;0;12176;8165;0;501;30824;4201;66816;613;0
26576;7248;198112;1025;5581;2115;0;0;3125;795;0;0;10879;640;24160;519;0
47193;61351;193491;7712;3752;11733;0;0;3548;732;0;1565;16266;1885;47193;628;0
1635;818;0;76;162;2143;0;0;344;0;0;0;0;0;2725;682;0
16014;97685;20818;637;0;5318;0;0;5366;1983;0;288;0;2422;16014;654;0
85265;31006;224791;3873;3799;24042;0;0;3909;1314;10875;1574;26240;1888;77514;586;0
295687;320328;2537982;26398;0;26991;0;0;24351;9973;29449;9100;109163;10981;246406;635;0
39384;350518;63014;1776;0;8853;0;0;6254;5939;13268;348;0;2946;39384;656;0
10600;2120;217300;334;0;1672;109;0;2157;230;0;0;5589;509;10600;485;1
363335;1453339;1877230;14313;8374;31743;1164;15275;34688;15965;45051;12760;106763;16683;302779;611;0
89137;704182;80223;3617;0;7632;0;708;10050;13449;15817;420;33945;3499;89137;620;1
282096;866437;2035120;16506;9738;37452;0;0;37333;8149;0;16281;56460;19578;201497;610;0
149546;473564;1445615;6880;6912;36932;0;10772;28591;10062;0;10566;0;13907;124622;540;0
168810;379822;2025720;19407;9127;34611;0;0;36772;7442;0;15117;0;18199;140675;574;0
6405;712;0;73;150;1906;0;0;270;0;0;0;4718;0;7117;632;0
84772;254315;952051;8876;0;21112;0;0;16768;2714;0;7140;0;8599;65209;548;0
85831;236036;729565;6915;2603;9896;0;0;10734;1842;0;4323;30007;5206;71526;596;1
154697;297495;1201880;7434;0;23002;0;0;16915;6465;0;6754;49575;8853;118998;558;1
2657;1860;69613;180;0;849;0;0;1214;150;0;0;0;264;2657;409;1
55167;401216;5015;1200;0;6270;0;0;7072;6887;10594;253;15535;2341;50152;644;0
100288;230662;330950;5806;15638;6019;0;0;32340;5009;0;3458;23729;8289;100288;608;0
51559;670270;68746;2192;0;7517;0;0;6999;4221;11418;250;22167;2524;57288;604;1
92257;661177;861067;2548;0;4498;0;0;31025;6129;0;3653;20211;8817;76881;578;1
8054;1790;0;67;179;2723;0;0;435;0;0;0;5545;0;8949;620;0
5010;5636;26300;548;0;1880;0;0;1863;275;1295;0;0;401;6262;528;0
20118;12574;701601;1266;0;3034;0;0;4288;665;2982;0;11989;923;25147;323;1
168502;428915;903786;5978;16063;4307;0;0;38678;7563;35320;3559;33162;8554;153184;601;1
40828;648705;54437;732;0;7306;0;556;7852;57;14889;396;10268;3308;45364;636;1
230465;362160;642010;12377;7222;27623;0;11783;29878;10472;38879;12014;0;14370;164618;627;0
41913;419130;13971;1137;0;8226;0;815;8042;6392;0;414;17768;3776;46570;662;1
190021;1409324;142516;10981;0;6868;0;0;54634;11115;0;5617;55621;13515;158351;653;0
210482;325290;918466;11556;0;32398;0;0;24903;8686;34610;10695;55651;12848;191347;640;0
78320;590960;78320;571;0;9009;43;623;10019;7996;18564;451;19798;4126;71200;657;1
15640;152133;22749;570;0;2073;15;0;2536;2569;0;99;5404;952;14218;611;0
237505;296882;554179;4382;6265;23781;0;0;22122;4422;33548;9502;81412;12487;197921;672;0
15221;3044;0;195;0;6373;0;0;725;0;0;0;7928;0;15221;645;1
0;2910;4802;0;0;0;0;0;463;124;640;0;0;228;1455;502;0
92173;73738;9217;10316;0;23795;0;0;5747;2324;15979;2315;28909;2788;92173;611;0
71426;138089;152374;2435;0;13312;0;0;14499;5033;0;5339;0;6999;47617;634;0
102302;102302;235295;17660;9003;27338;0;0;10817;3299;25916;3754;0;4515;102302;623;0
28181;11272;397352;618;7786;2951;0;0;4126;557;0;0;11254;889;28181;544;1
110743;694658;422835;5286;12250;3297;0;0;27994;6995;0;2717;35604;6532;100675;595;0
260417;725447;446429;19951;0;23986;0;0;25863;10453;0;6931;87664;11164;186012;592;0
60917;636858;88606;1345;0;8273;0;0;7156;4815;12118;270;18705;2697;55379;642;0
89043;53426;641110;10349;0;24680;0;14965;7667;692;23481;3118;0;4091;89043;569;0
112744;403998;1428086;2972;18496;4976;0;0;35106;3617;0;3761;15150;9875;93953;545;1
46547;67704;118482;1952;2595;10871;0;4571;2205;775;0;898;17155;1293;42315;589;0
43294;59037;184983;2475;2397;7294;0;0;2394;398;6890;996;15316;1198;39358;615;0
170819;931740;1133617;6943;0;8362;0;0;58953;9975;0;6438;47740;16879;155290;628;0
182933;436226;1590113;4661;0;26703;0;0;19075;7710;0;7692;65607;9270;140718;566;0
144329;278348;1154630;1727;2771;10553;0;5075;11536;4158;14995;4634;42057;5586;103092;544;0
25472;342454;28302;711;0;3673;0;0;4505;1208;7551;187;8786;1681;28302;668;0
14812;171819;14812;735;0;2717;0;238;2689;1021;0;144;6007;1261;14812;637;1
253599;743890;980583;15283;0;20678;0;0;22968;5325;29955;8483;55237;11137;169066;629;0
159668;1204770;87092;4730;17872;4827;0;0;31401;5767;39208;3622;28197;9529;145153;664;0
113615;605946;1126680;2264;0;5055;0;0;23497;2979;29894;2761;21001;7228;94679;554;0
258361;215301;2906564;24356;0;38575;0;0;41873;18773;54544;16854;0;20326;215301;526;0
43974;562867;13192;552;0;6411;0;0;7476;2906;13154;319;10232;2924;43974;679;0
188674;1021982;1871013;5382;21315;5764;0;1682;40256;3836;46999;3946;16670;11378;157228;537;0
15827;3165;0;68;492;6507;0;0;927;0;0;0;7833;0;15827;696;0
258041;774122;1892299;20808;6856;36617;0;0;28130;11362;0;10387;87225;13649;215034;550;0
29826;414581;0;460;0;3392;0;0;4156;3863;7061;169;9162;1563;29826;658;0
21210;16968;2121;2546;0;6605;0;0;2544;601;0;825;6999;1090;21210;675;0
244600;838627;1118170;14348;3686;14161;0;0;19985;6467;19798;5610;83331;7328;174714;568;1
62883;597388;94324;2414;0;9136;0;496;8005;6474;13567;330;19430;3031;62883;583;0
192324;288486;634669;23542;0;24955;0;15657;10026;5298;23499;3403;81858;4086;192324;602;1
279743;536174;1771704;30489;5639;21383;0;0;27351;9783;0;8609;118519;11346;233119;581;1
0;5548;70541;0;0;0;0;0;828;135;0;0;6457;506;7926;623;0
171188;295688;373500;18169;0;30357;0;0;10202;2878;28258;4093;56732;4936;155625;631;0
6081;760;116295;243;0;1340;0;0;1544;238;0;0;3823;413;7601;486;1
42645;469092;75813;1752;0;5715;0;539;6979;4048;11856;286;13579;2629;47383;647;0
18688;213880;12459;724;0;3842;0;0;4329;1876;8009;216;0;1769;20765;672;0
23381;144962;42086;487;0;3240;0;227;3792;734;6739;150;6521;1491;23381;613;1
162242;189283;1500742;11853;0;16173;0;9281;17615;4189;0;7092;60479;8520;135202;549;1
372642;1490568;1521622;41469;0;54721;0;0;45103;18236;0;16637;114252;20117;310535;673;0
63935;875910;31968;1886;0;6747;0;0;8270;7690;13972;372;21904;3094;63935;639;0
114993;146355;261348;8548;5375;16510;0;9402;6539;2542;0;2244;50689;2690;104539;604;0
357293;1126848;1841435;18528;0;34441;0;0;37407;10992;48678;15042;91618;18135;274841;638;1
313577;313577;2651151;14869;7641;29218;0;0;33349;22688;0;12683;149348;15274;285070;524;1
110432;143562;773024;14648;0;18895;0;0;6829;5025;17990;2606;41302;3137;110432;580;0
106512;183975;280804;6651;3246;15838;0;0;13507;5524;0;4523;41009;6531;96829;620;0
410661;410661;2786626;12778;9661;36180;998;20985;44991;11941;0;13338;123143;19314;293329;544;1
332069;2407499;802500;14685;0;9621;0;2783;73144;11278;78161;7220;60863;18969;276724;563;0
125575;75345;150690;14877;6631;20363;0;0;7623;3210;0;2074;67464;3333;125575;617;0
185935;666268;2262212;4191;5728;22078;0;0;23556;4971;30857;8739;43292;11534;154946;592;0
42102;0;1018115;821;10125;8157;0;0;5402;830;0;0;11783;1157;38275;391;1
183006;211161;1998991;6791;0;20748;0;11681;26645;5933;0;8492;49337;11147;140774;552;0
76038;532266;83642;1891;0;8226;0;0;10216;4863;17239;456;29317;3830;76038;665;0
171333;331244;228444;3732;3861;32277;0;0;15147;2941;20757;5882;21888;7737;114222;608;0
232646;845984;3383936;5919;0;10112;0;0;50510;11524;73156;6758;35826;17691;211496;504;1
239586;447227;2315998;11539;4250;16034;0;9315;17588;3053;22883;6481;60088;8493;159724;603;0
50908;576953;16969;446;0;7219;0;702;10038;6253;15023;396;13165;3322;56564;642;0
87120;78408;383328;9970;0;18519;0;0;5824;1799;17426;2524;28010;3048;87120;634;0
0;10915;2620;0;0;0;0;330;609;106;850;0;0;288;2183;614;1
4498;4498;0;115;286;3764;0;0;612;0;0;0;4220;0;8997;585;0
34229;205374;13692;1078;0;4280;0;0;5221;2049;0;220;19384;1997;34229;610;0
8917;991;7926;505;4299;2103;0;0;2269;242;0;0;0;490;9908;594;1
297516;371895;2355335;6633;0;36855;0;0;33296;6355;51950;16053;77484;19304;247930;570;0
25623;19929;606411;1056;0;3214;0;0;4936;856;0;0;17428;980;28470;435;1
277118;1408685;3972030;8739;35188;9491;0;3026;67207;19733;0;7155;61591;18802;230932;509;1
335323;1005970;2630998;10586;8019;30312;0;15244;32543;11778;0;13350;120045;16064;257941;524;1
457662;1725035;1372987;33073;0;36165;0;0;47367;10138;51366;14551;140276;19112;352048;531;1
77877;474340;1330984;1436;16114;4358;0;1513;29555;5683;0;3559;0;8579;70797;479;1
263264;702038;658161;30806;6526;26679;0;0;29993;15595;0;9069;87627;13092;219387;582;1
74949;119918;112424;4032;0;17379;0;8426;4617;1707;16209;2348;17429;2802;74949;636;0
16800;4800;0;242;479;6403;0;0;1174;0;0;0;15702;0;24000;639;0
11722;5210;302180;1357;0;2726;0;0;4418;1053;2654;0;0;817;13025;385;0
318618;568960;1957222;6017;10096;38289;0;0;36330;16769;0;13993;85909;20181;227584;640;0
115157;967319;426081;5972;25562;9133;0;0;52793;3271;0;4736;0;13690;115157;612;0
26519;222760;45082;652;0;3279;0;338;3659;2131;6796;180;7988;1496;26519;668;0
0;1059;1177;0;0;0;0;199;334;30;450;0;0;164;1177;591;1
89368;121866;308727;8328;0;22986;0;0;5491;2216;0;2030;37521;2672;81244;609;1
265243;682052;1989320;17317;0;27953;0;0;30161;9804;0;12153;77471;14600;189459;552;0
216406;613149;1677143;2534;34248;9346;0;0;68365;7935;0;7638;31887;18385;180338;625;0
233050;563203;1301194;4303;37863;13532;0;0;94250;16492;0;7682;0;20086;194208;562;0
37159;598676;24773;1352;0;7326;0;0;8319;4978;0;396;15586;3331;41288;633;0
82169;664821;112048;941;0;9510;0;0;9917;7704;19614;473;22194;4346;74699;665;0
145146;261263;769274;12976;0;25488;0;11372;8705;1511;24187;3211;53501;4195;145146;581;1
9045;7538;0;178;369;4817;0;0;754;0;0;0;8957;0;15075;615;0
284497;386103;2154047;13745;5523;20855;0;8537;27177;9061;0;8398;98874;11042;203212;583;0
54349;76089;293485;8491;4059;12516;0;0;4178;726;0;1680;20684;2015;54349;578;1
97870;156593;861260;4931;3086;15192;0;0;12182;1762;16723;5168;0;6203;65247;560;1
169469;550774;734365;10624;0;30594;0;0;25553;2139;43026;13295;0;15993;141224;636;0
70683;113093;332210;6092;0;14224;114;0;4827;1401;13424;1782;26469;2350;70683;591;0
27213;356490;24492;1094;0;4101;0;0;4976;4023;0;227;10922;1870;27213;615;0
97627;48814;859118;8148;0;31345;0;15934;8173;936;0;4177;23893;5021;97627;550;0
55889;430345;5589;2553;0;6801;0;570;8735;6061;0;341;27661;3167;55889;632;0
45259;457116;58837;1540;0;5699;0;0;6968;4104;11820;286;12219;2623;45259;646;0
197676;303103;803882;7585;0;34349;0;19140;34646;4542;0;13659;0;17863;131784;643;1
48536;281509;97072;1332;0;8838;147;0;10844;7420;0;480;15411;4064;48536;614;0
345362;518043;3379612;22163;0;35303;0;0;38116;13330;0;11506;107765;18504;246687;560;0
137264;846464;1967456;5460;0;7724;0;0;40976;8756;0;4032;36855;10584;114387;506;0
191412;462579;797550;5740;5312;20205;0;0;21152;6917;0;8110;81408;10666;159510;617;0
351377;849161;4743587;7417;28605;7685;0;2459;73706;15634;62691;5790;73691;15136;292814;510;0
34093;288244;58889;1407;0;6109;0;0;8075;2397;0;336;9845;2825;30994;619;1
95836;139398;270084;13635;4383;13295;0;5997;5423;1963;0;1824;38406;2198;87124;587;0
140301;739767;2270319;2620;15290;4147;0;1309;31543;3868;33603;3387;23635;8144;127546;483;1
57832;86748;439523;10890;3054;9308;0;0;3220;1218;0;848;27770;1524;57832;537;0
322478;996751;2755723;12221;9370;35237;0;14857;32930;8040;50445;12991;98390;18681;293162;562;0
414704;452405;791708;22159;10243;38530;0;0;48189;19166;54808;15526;148050;20333;377004;577;1
160629;219039;496488;11864;4858;18483;0;0;19999;5796;0;7393;67951;9682;146026;622;0
66682;666820;54558;2181;0;4692;0;453;7937;8704;9709;210;24568;2166;60620;613;0
44190;253090;40173;1909;0;3991;0;397;5882;5817;0;216;20107;1854;40173;613;0
7587;3035;0;26;0;2684;0;0;335;0;0;0;4542;0;7587;691;0
151294;272329;1149834;10640;8239;34370;0;15465;8448;1480;23592;3416;41549;4095;151294;523;1
283687;894706;1920345;10255;0;36830;0;20627;36866;15657;0;12167;66245;19574;218221;629;0
201724;161380;322759;11575;0;14698;0;0;15669;5447;20397;6302;52812;7583;134483;661;0
45687;18275;260416;2026;0;9137;200;0;2565;1160;8629;1144;19327;1499;45687;601;0
28413;207415;31254;742;0;3464;0;0;4219;1955;7153;176;9116;1588;28413;632;0
73455;609676;29382;3062;0;6129;0;0;9321;6491;12818;336;32457;2841;73455;632;0
163754;595468;774108;7348;0;22589;0;13251;20386;7520;0;8248;57628;11897;148867;621;0
28638;9546;712768;1658;7217;3323;0;0;4195;1062;0;0;13542;823;31820;433;1
187322;280983;974074;17152;9472;42172;0;0;11028;5697;26937;3902;66263;4699;187322;614;0
42272;295903;46115;1304;0;7415;0;0;8434;2269;0;374;15187;3446;38429;644;0
77586;108620;15517;9922;6629;20250;0;0;6513;2488;0;2754;25720;3310;77586;667;0
413364;1526266;2162210;27333;8681;39573;0;0;36036;14544;46805;14460;113135;17405;317972;738;0
267668;2052124;3479689;13779;0;14092;0;0;84193;15749;0;6632;69529;19083;223057;489;0
111944;89555;447776;9345;0;20390;0;0;7637;1757;19057;2760;47668;3330;111944;613;0
0;9984;35277;0;0;0;0;597;737;140;1566;0;3069;547;6656;585;1
0;58340;137099;0;0;0;0;0;1023;211;1524;0;11296;531;14585;523;1
8105;3684;121572;578;0;2239;0;0;2205;340;1530;0;0;476;7368;500;0
3908;2442;0;116;292;3853;0;0;624;0;0;0;0;0;4885;692;0
239089;2021392;2325688;4204;0;10081;0;0;61894;11559;66134;6664;40763;16055;217354;575;0
31453;182427;25162;2078;0;7573;68;0;9250;8629;0;381;0;3474;31453;608;0
175693;223609;910410;4652;0;30886;0;16990;9019;3249;29000;3851;57030;5044;159721;605;1
57696;814159;70518;1637;0;13047;0;0;10898;7678;0;451;26284;4112;64107;625;0
28637;359555;50910;1079;0;5286;0;506;5596;4078;0;264;12632;2378;31819;641;0
34166;454408;30749;416;0;4612;0;0;5762;3989;0;252;16978;2157;34166;633;0
109418;415788;1509968;3033;13596;3673;0;0;28557;4009;29967;3019;16310;7254;109418;532;0
64713;605949;58830;3405;0;13505;0;832;11445;5508;19383;469;0;4283;58830;616;0
235128;1763460;2069126;8697;0;12928;0;0;89531;12510;0;6530;86153;18779;235128;522;0
13863;1540;46209;2582;0;3456;0;1382;5479;1446;0;0;0;1058;15403;609;1
21592;11777;213956;328;5879;2200;0;870;2671;376;0;0;6631;674;19629;550;0
306207;437438;2427781;7514;0;34158;0;13557;29535;6864;0;9415;105346;12330;218719;593;1
50580;13795;335669;1506;11076;6976;0;1555;5900;1078;0;0;16618;1273;45982;538;0
10602;5301;0;91;331;4347;0;0;583;0;0;0;5250;0;10602;667;0
7710;3084;0;199;350;6337;0;0;824;0;0;0;0;0;7710;581;1
16330;195955;7258;1112;0;2257;0;0;2980;2152;0;110;8503;1030;18144;621;0
302627;259394;2075155;21135;5906;22178;0;0;25843;11629;31817;9830;76000;11824;216162;630;0
0;33317;31298;0;0;0;0;327;755;63;1036;0;7554;361;10096;533;0
103494;630370;112902;2250;0;13409;0;842;11886;8375;20202;528;32136;4457;94085;625;0
137455;392728;756001;18661;0;29289;0;0;22672;7890;0;8920;0;10750;98182;567;1
295173;771990;1952682;34133;0;22723;0;0;30664;10709;0;9874;107060;11893;227056;538;1
6553;4368;0;125;0;4890;0;0;643;0;0;0;5263;0;10921;621;0
199262;611069;292250;7577;0;19536;0;0;15382;4487;20018;6185;52234;7422;132841;635;1
327562;701919;2175949;11625;0;30732;0;0;33717;14314;43837;12419;71060;16269;233973;663;0
22112;17690;555011;502;5263;1985;0;0;2778;571;1940;0;8474;599;22112;389;1
80912;89003;517837;10880;4546;16058;170;0;5040;2109;0;1893;37942;2274;80912;555;0
154032;602125;1022212;6135;0;17641;0;10278;16363;8284;24998;7725;39317;9288;140029;567;1
46817;613824;31211;1695;0;6780;0;617;8489;5963;13853;360;11184;3078;52019;639;0
0;9418;38571;0;0;0;0;0;352;58;0;0;3913;162;4485;499;1
232690;182828;1562346;30776;0;38107;0;0;41065;21209;0;15153;0;19897;166207;577;1
27917;25379;210646;1545;2402;9711;0;0;2105;554;0;913;6950;1199;25379;572;0
131155;112418;365360;18594;5050;19123;0;0;21794;11292;0;7689;0;10140;93682;616;0
189867;650971;813714;4303;5222;19955;0;0;19523;1794;28109;7962;38348;10403;135619;622;0
222154;949203;727049;5480;0;27675;0;0;28084;6189;39109;11076;69801;14544;201958;657;0
73051;504052;1198036;2534;10749;3815;0;910;20376;3348;23604;1982;0;5733;73051;498;0
67032;329065;1023758;3134;0;3724;0;0;27774;4276;0;2790;11941;7299;60938;528;0
98424;805284;357904;1382;11715;3146;0;1159;22130;2510;25726;2161;13308;6239;89476;609;1
0;24301;82450;0;0;0;0;0;735;89;1317;0;6078;460;8679;588;1
320994;770386;1562171;15414;0;38623;0;16134;31922;10679;0;15393;65680;20151;213996;573;1
86507;17301;614200;6287;0;19851;0;0;5082;1473;14106;2043;35206;2459;86507;568;0
286547;651242;2474722;13828;36836;9871;0;3440;75757;11985;80974;8158;0;19648;260497;585;0
80857;229095;256048;1038;0;2757;154;0;19699;3004;22644;2281;10311;5493;67381;650;1
198954;331590;636653;16473;5294;20261;0;11501;22557;9019;28729;8136;0;10666;132636;650;1
313736;699872;3064954;26494;9391;50282;0;0;48647;24324;50511;13012;0;18674;241335;545;1
6140;5458;139169;257;0;1343;0;0;1065;151;0;0;3730;276;6822;415;1
333287;1424044;1666434;10256;35952;9651;0;0;69855;8718;79514;8012;61718;19312;302988;688;0
201935;471181;1615478;8207;0;20707;0;0;18507;8162;29413;7576;64867;10840;168279;622;0
140588;766842;2172719;2100;19688;5260;0;1722;34771;6152;43290;4362;0;10462;127807;521;1
252977;433675;668583;15582;6268;24126;0;0;26065;4434;33794;10442;47424;12563;180698;663;0
53054;299032;0;1591;0;7054;0;447;6140;5104;10374;276;14941;2304;48231;604;0
146589;493073;1372609;9753;4008;15403;0;9032;16487;8648;0;6094;55867;7971;133263;546;0
191015;1007170;191015;10979;26462;7104;0;0;54622;9941;0;5369;45073;14100;173650;686;0
126980;230872;126980;16826;7670;29470;0;0;8727;3091;0;3191;42620;3841;115436;653;0
290284;532187;798280;14674;0;20837;0;0;83231;25328;0;6739;71666;19428;241903;617;0
134784;362880;1099008;12200;3273;12423;0;6438;13514;3129;0;4980;41213;6510;103680;558;0
314430;445442;707468;35861;0;37425;0;18912;49532;32654;52959;15004;0;19678;262025;691;0
84224;33690;732749;10871;5282;16426;0;0;6173;3536;0;2013;37276;2647;84224;561;0
159156;891274;1352826;6872;0;7239;0;2207;59365;10170;0;5977;52953;14373;159156;533;0
137509;206264;206264;15661;6450;19782;0;0;7331;2569;18528;2683;61274;3231;137509;639;1
46475;655298;83655;1821;0;5168;0;0;6356;5698;10785;288;13968;2391;46475;650;0
81832;1170198;73649;1996;0;8645;0;0;12050;7979;17884;429;28870;3979;81832;657;0
45134;631876;81241;1376;0;8307;0;621;8827;7317;14973;396;0;3317;45134;642;0
123479;455923;522412;8188;2947;14013;0;0;12210;5579;0;4508;41620;5919;94984;609;0
39567;9892;588562;742;9626;3611;0;1209;5698;862;3551;0;23058;1102;49459;483;1
41256;602338;16502;1063;0;5752;0;0;5767;5068;12054;314;8568;2670;41256;652;0
103175;120371;1117727;4266;2949;14670;151;5899;10008;4897;0;4912;32316;5911;85979;533;0
0;43632;114534;0;0;0;0;0;904;80;0;0;16755;441;18180;480;0
185668;962097;1654132;4559;19798;6651;0;1586;40964;6346;43577;4025;30678;10605;168789;549;0
186882;311470;3052406;11160;0;7361;0;2333;55688;18862;0;5967;39978;14386;155735;512;0
64872;84334;382745;8913;0;21354;399;0;6483;1073;20208;2926;0;3516;64872;609;0
279622;1016808;2287818;5215;7173;27592;0;0;30364;4135;38836;11002;115453;14432;254202;566;1
137008;871871;1955482;6164;0;9501;0;2649;55334;2516;0;6251;27078;15060;124553;512;1
26496;214618;15898;1287;0;4697;0;374;4867;3609;0;228;9554;1880;26496;629;1
12570;116555;15998;1058;0;3223;0;249;3939;1290;0;180;0;1488;11427;600;0
34524;375928;76720;1122;0;6374;0;0;7765;6534;0;319;13313;2933;38360;615;0
14680;18350;506460;504;6401;2384;0;0;2988;441;0;0;4902;730;18350;330;1
313837;337978;2993521;22991;0;22876;0;0;28093;14038;32448;6686;102172;12109;241413;494;0
36708;387104;36708;1762;0;3502;0;0;5210;3106;7346;192;10627;1626;33371;588;1
34573;428705;38030;890;0;6919;0;479;6946;3031;13061;348;0;2899;34573;602;0
53869;244860;19589;1308;0;7334;0;0;8011;2522;15154;396;10874;3373;48972;677;0
49678;94388;64581;2551;0;17080;0;0;3652;1044;0;1515;21851;1985;49678;618;0
379090;783454;833999;14599;0;32342;1421;17739;35348;10244;0;13045;110808;17181;252727;557;1
224755;1086317;2846899;6604;29545;8024;0;2577;61282;11463;0;6021;45943;15837;187296;503;0
86634;196895;212647;2559;0;3274;0;813;22382;2607;26128;2633;12023;6339;78758;635;1
127823;660418;1661696;4186;19910;5327;0;0;36081;5415;0;3668;21383;10549;106519;561;1
122999;209098;725694;20225;7416;30702;0;0;8991;3188;0;3069;45711;3697;122999;573;1
273344;925166;2922684;17690;0;24128;0;11958;26499;7651;34546;9786;65157;12850;210265;506;1
195779;307652;1468341;11842;0;22386;0;11032;22277;6779;0;9815;43929;11782;139842;575;0
299319;680270;2013599;14663;38229;10281;0;0;83699;22609;0;6345;75881;20401;272108;624;0
455062;606749;5157365;17504;8877;48766;0;19550;42448;11908;47644;14723;150091;17707;379218;575;0
155710;506056;1388411;4186;24722;6664;0;0;46828;4802;0;3671;25620;13265;129758;590;0
132328;767502;1667333;2030;20797;5672;0;0;37234;5678;0;4632;45115;11170;132328;526;1
53570;487487;74998;1327;0;6012;0;0;7308;5889;12395;324;17568;2747;53570;613;0
84308;153288;950386;7822;3202;12210;0;7030;13322;3984;17308;5348;0;6418;76644;520;1
16090;8939;144812;561;0;2207;0;0;3267;556;0;0;10624;663;17878;570;1
22149;9844;620172;1455;6033;2263;164;889;3753;634;0;0;8733;686;24610;396;1
43996;70394;233179;3875;0;8407;73;0;2357;360;7944;1152;18443;1385;43996;609;1
133987;368465;1976311;2410;12830;4459;0;0;26620;7421;28362;2859;19803;6892;111656;505;0
6529;0;0;115;402;5185;0;0;827;0;0;0;0;0;6529;656;0
185973;1078643;111584;13495;24093;6403;0;0;56481;14213;53036;5344;0;12908;185973;676;1
340500;425625;766125;23337;8928;42851;451;0;42663;19963;0;14821;112817;17919;283750;710;0
145097;184668;527624;10753;8665;26147;0;11455;10136;4128;0;3585;52739;4298;131906;602;0
8104;4502;68430;118;2493;932;0;0;1109;155;0;0;3915;282;9004;565;0
60497;497421;100828;2178;0;8081;0;0;11353;7452;16897;407;17111;3740;67219;652;0
257658;772974;2104207;12826;9508;36459;0;20470;39097;11734;51131;14483;0;19007;214715;578;0
39344;34972;957358;750;11183;4207;0;1765;4864;552;0;0;19119;1275;43715;371;1
75182;164033;211876;9891;2667;10186;0;5746;11555;4191;14353;4435;0;5323;68347;598;0
195367;1758303;976835;8955;0;12456;0;0;67627;10248;71973;6647;0;17461;195367;615;0
58297;725469;51819;1808;0;7767;0;0;9621;6667;16304;432;18553;3622;64774;639;0
24650;290870;27115;368;0;5001;0;343;4867;2276;0;198;9770;1827;24650;601;1
133592;85013;680103;12476;0;25114;0;8884;7326;682;23833;3451;35515;4166;121447;610;0
42881;576948;31186;1841;0;7088;0;0;7990;3790;14682;320;0;3272;38983;662;0
18253;0;56787;1833;0;5475;78;1569;5020;1066;4004;0;0;1236;20281;575;0
42440;360740;33952;1011;0;7749;0;0;5454;2525;9251;240;14153;2057;42440;603;0
213426;533565;1191628;11748;0;25611;474;11187;26897;7184;36408;10311;34526;13509;177855;600;1
147249;187408;1392175;7081;0;15249;0;9222;20095;4288;0;6071;63904;7953;133863;543;0
354051;789806;3949032;17656;8813;49848;0;14927;35869;12626;0;14520;100652;17436;272347;568;0
228424;335023;1020296;2942;7742;29632;0;0;23490;6625;0;12938;53403;15511;152283;625;0
10144;118685;10144;423;0;2290;0;0;2427;1418;0;120;2421;1045;10144;693;0
110805;132966;520784;11649;5500;16616;0;9978;5694;1963;15787;2287;38592;2739;110805;586;0
10604;5302;0;222;0;6048;0;0;1071;0;0;0;10332;0;17673;660;0
307348;351254;1866039;15277;8372;31950;0;0;30988;6436;45241;12815;51603;16852;219534;613;1
178180;761315;1279658;9717;23584;6324;0;0;48670;7542;0;5230;48346;12569;161982;598;0
58383;164532;488290;1166;0;11085;0;0;9107;4158;0;4389;17397;5773;53075;584;0
111776;1017162;346506;7112;14473;3972;0;1374;33934;7951;31989;3223;0;7748;111776;595;0
156524;421410;686297;5344;3108;16256;0;5834;12822;5197;16720;5167;43745;6210;120403;584;0
110972;796984;776807;4449;9736;3491;0;797;23188;6337;21415;1979;24316;5176;100884;558;0
39293;13098;619958;779;10115;3867;0;0;4334;696;3745;0;18953;1170;43659;519;0
149701;81655;149701;9948;0;28974;190;13352;9914;3432;0;3982;61494;4806;136092;617;0
0;33000;41250;0;0;0;0;206;460;151;0;0;6467;216;7500;586;0
90183;108220;613244;9196;4344;13342;0;7242;4504;1546;12490;1810;33537;2172;90183;560;0
8086;2021;0;31;362;4715;0;0;708;0;0;0;4291;0;10107;701;0
124468;382296;204484;5438;0;9967;0;0;10960;5519;14252;3304;34193;5273;88906;653;0
134940;202410;418314;11578;6368;28051;0;11236;6605;1907;18261;2645;45106;3183;134940;574;0
13100;8734;187772;514;5211;2645;0;864;2440;358;1928;0;0;596;14556;453;1
4739;1896;0;109;0;3547;0;0;561;0;0;0;5261;0;9478;597;0
49580;39664;307396;3643;3221;9788;227;5259;3083;653;9264;1232;11600;1610;49580;583;0
265098;1082484;2452156;14098;9993;37976;0;0;33165;7601;0;16584;81529;19969;220915;622;0
284875;932317;1502067;23826;7434;28239;0;15966;36060;18596;0;12347;101599;14910;258977;648;0
161166;483498;389484;4838;0;25003;0;13690;23975;8959;34987;9912;0;12941;134305;628;0
158440;464759;1499903;7507;0;14053;0;7198;15278;4484;0;6150;43541;7416;105627;557;1
284518;812908;1930656;22965;9324;35232;0;0;38712;13364;50555;14320;0;18755;203227;573;0
285997;967991;1583986;22972;4945;26229;0;10242;22198;10785;26552;8204;78013;9858;219998;615;0
136742;252446;578523;6753;0;14131;0;0;15577;7252;0;5250;48620;7603;105186;613;1
112342;806819;837458;2214;0;4163;0;0;28773;4743;33671;3392;17035;8138;102129;596;0
36886;194491;26826;632;0;6559;0;0;5536;2457;0;229;16054;2066;33533;593;0
250333;1355972;2211277;4984;35781;9612;0;0;74026;9239;0;7260;48684;19025;208611;548;1
229993;477679;566138;8388;0;28307;0;0;20482;11734;27806;8592;61255;10354;176918;621;0
158349;906910;187140;6546;24158;6642;0;2111;49794;7679;0;4907;29228;12889;143954;635;0
29709;202021;41593;1179;0;5096;0;359;6214;3635;10596;276;0;2354;29709;642;0
0;61978;15494;0;0;0;0;777;1332;285;1618;0;17561;562;22135;593;0
425002;920837;3577097;23362;9886;55859;0;0;46552;21081;0;16471;161114;19843;354168;475;1
282058;1435930;2564160;17119;31630;12924;0;3002;65710;11783;0;6416;90994;16838;256416;557;0
13222;134624;3606;920;0;3616;0;213;3390;2620;0;121;0;1140;12020;600;0
69159;89907;179813;10257;5612;24457;0;0;5758;1987;15992;2316;0;2780;69159;616;0
316721;818195;2560160;11970;0;34332;0;17841;35515;6325;48538;13750;77557;18106;263934;565;0
133311;246113;892159;4081;3290;17258;0;0;11357;2827;17688;4555;34910;6581;102547;585;1
11128;3709;0;113;252;3336;0;0;613;0;0;0;8050;0;12364;620;0
177908;578202;578202;7574;5289;20403;0;10631;18281;4304;0;8047;63180;10548;148257;636;0
350734;1052201;2555345;11669;0;52924;0;0;34711;11095;0;16265;104306;19554;250524;633;0
483918;1064620;4645613;18525;8661;45041;0;0;35599;12056;46562;14388;124438;17342;322612;496;1
134333;232030;97697;4821;9247;27774;0;0;9518;2739;0;3819;59613;4590;122121;643;0
42927;17171;21464;10360;4842;14652;490;0;5418;2896;0;1847;0;2422;42927;644;0
9289;4128;15482;446;0;2041;0;0;2125;164;0;0;5066;479;10321;648;0
55360;110720;437344;3926;3800;11642;0;5611;3900;684;0;1574;22323;1900;55360;575;1
219244;597939;478351;13868;0;43351;0;0;31746;13509;0;13007;64952;18880;199313;682;0
188749;283124;1453367;19796;8556;26477;222;12863;10067;2906;24464;3544;75582;4272;188749;545;0
207525;490513;2829885;41997;0;36747;0;0;49984;23871;0;16359;0;19701;188659;526;1
45113;31579;428574;4708;2252;6768;0;0;2490;382;6441;936;20012;1124;45113;527;0
80105;240314;193587;5826;0;23873;0;0;15658;6680;0;6026;0;8691;66754;629;0
15887;3530;208294;830;3742;1893;0;0;1962;514;0;0;8280;431;17652;482;1
367410;1023500;3726591;9964;0;33447;668;17318;30545;13389;46781;14454;78534;17336;262436;502;0
64291;701352;70135;2094;0;9035;0;0;10948;7596;0;492;24157;4124;58446;624;0
95536;156952;156952;4075;0;11537;184;5857;12426;7254;16258;4605;0;6044;68240;627;0
171756;31228;655796;9173;0;27475;977;15478;9287;1598;25762;3732;58162;4498;156142;582;1
262560;989648;2181265;9299;0;34995;0;0;36755;5531;0;14223;82483;18683;201969;604;1
93716;144833;707127;12167;8024;24269;0;0;8303;2393;22994;3053;0;3993;85196;579;0
0;2214;35424;0;0;0;0;0;1284;183;1647;0;0;576;3690;496;0
58474;93558;268980;9028;8335;25250;0;0;6012;2798;0;2883;0;4168;58474;621;1
124143;462714;1602569;4679;4443;16852;0;0;18263;6347;0;7365;46062;8846;112857;538;1
158905;1184564;1242347;4247;0;6950;0;2385;50512;4654;56692;5237;0;13782;144459;552;1
0;28347;91655;0;0;0;0;0;620;88;848;0;7603;290;9449;659;0
275271;880867;2183817;9288;5656;21002;306;0;24790;9038;30595;8667;62800;11372;183514;573;0
76170;662679;45702;2951;0;8326;0;661;10579;12709;0;456;36680;3808;76170;587;0
0;33705;13642;0;0;0;0;0;561;70;0;0;7122;272;8025;408;0
24927;22434;37390;1019;10524;3972;0;1761;5598;852;0;0;0;1201;24927;634;1
37188;542945;59501;1951;0;8810;0;448;6215;7717;9654;252;0;2141;37188;594;1
172130;156482;250371;15433;7474;22563;0;13983;7793;2704;21505;3115;58174;3738;156482;605;0
33449;321110;60208;1796;0;7915;0;0;9621;10057;0;432;0;3628;33449;655;0
51363;56499;364677;10454;4352;17400;0;7474;5312;2398;0;1806;0;2167;51363;499;1
34436;438270;59480;2174;0;9399;0;544;8214;7562;0;341;0;3071;31305;596;0
34923;22224;269858;4086;2537;7769;0;0;2191;610;0;1056;12232;1267;31748;593;1
261190;478848;2851320;11197;31494;8444;0;0;76404;10524;0;5819;56951;16825;217658;578;0
0;60809;109098;0;0;0;0;0;1243;167;1476;0;14485;514;17885;513;1
173958;243541;1374268;10080;0;44403;0;18196;10237;4053;28332;3420;50305;4932;173958;543;1
180241;615824;1772372;11097;6451;24417;0;10590;27749;11658;34649;10707;0;12883;150201;530;0
11717;1674;0;245;0;5073;0;0;794;0;0;0;10626;0;16738;606;0
0;4912;25545;0;0;0;0;0;1031;161;0;0;8134;499;9825;534;0
3251;406;0;116;240;3220;0;0;488;0;0;0;0;0;4064;614;1
60206;645849;71153;1068;0;10718;0;737;9600;5520;0;396;23097;3597;54733;585;1
18575;13509;55724;501;4163;1586;0;637;2234;285;0;0;7002;478;16886;634;1
143441;194670;1495887;6057;0;15524;0;0;14465;7714;0;6870;43575;8253;102458;562;0
128388;151731;735311;9549;6218;18641;0;9474;6397;4136;17763;2144;39285;3109;116716;570;0
239255;625743;772976;6226;6877;26243;0;0;26238;4861;36995;11431;51396;13775;184042;697;0
58260;267025;233040;3916;0;3220;0;0;21896;2965;0;2395;7864;6294;48550;606;0
155917;389793;441765;12239;7367;28265;0;16830;30683;8504;0;11269;0;14774;129931;620;0
418922;1256767;2481310;20103;0;31539;0;0;39678;11563;45512;14064;142984;16805;322248;684;0
144582;52575;552040;7673;0;31329;1179;19353;8500;1021;0;4251;53021;5111;131438;614;0
0;15813;14759;0;0;0;0;0;940;160;1795;0;0;619;3514;551;0
58387;834934;87580;785;0;8948;0;0;11058;8959;0;492;23997;4148;58387;613;0
136192;442623;919293;6018;4779;25721;0;0;16995;2853;0;7280;40268;9579;113493;566;0
54772;54772;248965;4255;0;17625;0;0;5219;842;16720;2220;0;2912;49793;621;0
25397;12698;690798;1065;0;3349;0;0;4771;614;0;0;14568;1030;25397;361;1
12590;3777;0;63;304;3979;0;0;636;0;0;0;7608;0;12590;677;0
17371;129317;25091;527;0;2931;0;201;2342;1823;4669;120;5657;1031;19301;643;0
9164;4582;0;106;277;3644;0;0;588;0;0;0;6840;0;11455;626;0
25364;138348;29975;1887;0;5957;0;572;7352;4210;0;324;0;2756;23058;653;0
187642;187642;1228205;20516;0;39041;0;16676;10414;3718;0;4177;71023;5019;170584;577;0
135092;364748;1486012;6067;0;4689;0;1355;38587;7553;37908;3503;26251;9179;135092;500;0
43256;259536;82186;1678;0;8373;0;525;6410;3875;0;286;19451;2658;43256;612;0
22198;4440;486136;775;4876;2417;0;0;2587;331;1801;0;8851;560;22198;455;1
20941;262711;24748;469;0;6033;0;0;6350;3067;0;308;0;2810;19037;595;0
6456;2582;0;110;228;3032;0;0;525;0;0;0;9017;0;12912;664;1
164651;444558;3095439;3659;26420;7143;232;0;54672;8236;0;4905;45237;14147;164651;467;0
26607;16932;616794;741;0;3982;0;0;3963;512;0;0;14095;895;24188;386;1
0;5506;3028;0;0;0;0;0;992;155;1188;0;0;418;2753;546;0
98961;228372;1004837;9565;3439;12794;0;0;14237;4948;18508;5720;0;6913;76124;550;0
51157;35810;342752;6435;3703;16186;126;0;3459;838;0;1280;17282;1848;51157;559;0
74780;184074;477441;4660;0;10216;0;0;8346;2306;0;4488;22092;5415;57523;608;0
4436;2661;0;85;0;2642;0;0;405;0;0;0;5739;0;8871;635;0
124492;572663;1904728;5196;23456;8352;0;0;46006;3900;0;5199;19949;12434;124492;515;0
57860;583860;15780;1168;0;11825;0;0;10355;4796;0;428;20139;3889;52600;632;0
111294;131529;182117;13113;7093;21820;0;10598;7367;2984;0;2715;31916;3570;101176;616;0
58193;17458;314242;5815;0;19856;0;0;5253;2221;18987;2751;0;3310;58193;606;0
16179;249880;32359;426;0;2380;0;0;3239;1024;0;121;9691;1096;17977;619;1
62754;43928;50203;1139;10069;30749;0;0;9723;2536;0;3486;0;5052;62754;650;0
18029;1639;0;157;0;7758;0;0;824;0;0;0;7651;0;16390;633;1
196038;686133;1993053;11011;6818;26124;0;0;28833;6109;0;11333;59527;13610;163365;587;0
202442;513892;482748;4874;0;23782;0;0;20649;5497;33668;9537;45183;12535;155725;688;0
230050;552121;1257609;5641;7121;27453;0;0;28616;5793;0;9900;54575;14268;153367;648;0
14750;14750;388419;408;0;1918;0;0;2722;488;1893;0;8376;584;16389;423;1
251295;1325010;3655200;7305;0;11457;0;2693;64911;13426;69116;6382;36475;16685;228450;453;1
42123;214827;25274;1484;0;4942;0;0;5327;3885;10195;242;13801;2247;42123;655;0
110013;418049;1617191;4850;16703;4506;0;0;33877;6328;0;3716;31082;8951;110013;518;1
15187;3037;0;135;0;7969;0;0;800;0;0;0;6283;0;15187;659;0
46106;466184;81966;2056;0;7358;0;553;9096;6330;0;374;22017;3445;51229;605;0
134780;183790;428844;23913;9106;28031;1157;0;10350;4731;0;2831;37851;4557;122527;618;0
19290;196403;17536;929;0;3314;0;0;4431;997;0;165;6187;1513;17536;637;1
15973;137368;4792;466;0;2480;0;0;3055;2805;0;132;5885;1150;15973;655;0
115261;316968;336178;2564;0;31948;0;7759;13105;3687;0;6088;23572;7328;96051;577;0
10488;3933;0;118;328;5732;0;0;687;0;0;0;6245;0;13110;629;1
82477;296917;173202;4378;0;4075;257;1173;27907;5186;29571;2732;0;7198;82477;585;0
177306;546694;1654856;7843;6350;30785;0;0;21727;7798;0;9691;50877;12684;147755;593;1
128862;115976;103090;5335;10228;30836;0;0;8450;2721;0;4237;61942;5113;128862;655;0
42852;257112;146411;1237;0;2871;0;996;20361;2270;0;2335;0;5640;35710;639;1
44600;28382;198670;2641;0;8008;0;0;2985;1575;0;1125;22860;1351;40545;590;0
59164;65080;378650;6671;3537;10694;0;0;3104;1344;10139;1468;20444;1763;59164;614;1
0;7824;17408;0;0;0;0;454;903;199;0;0;0;400;1956;594;0
146815;573912;787461;4827;0;24256;0;8473;16412;4857;23498;7263;35196;8686;133468;571;0
117027;128730;315973;9374;6520;23429;0;0;7662;2001;18720;2711;43337;3273;117027;621;0
237213;927286;2609341;3879;0;50044;0;15213;34197;8391;0;14113;71332;18479;215648;505;1
0;31094;758;0;0;0;0;0;617;101;967;0;5562;337;7584;621;0
249476;409853;1283018;17313;0;39314;0;22099;42195;21217;0;15593;0;20466;178197;606;0
23663;137245;42593;657;0;4713;0;0;5277;2158;0;264;8410;2184;23663;643;0
316549;2479635;2822564;12509;0;9282;0;2821;70035;10856;74439;7500;58355;17994;263791;505;1
36201;321784;64357;803;0;4509;0;0;5569;3947;9459;231;13617;2088;40223;620;1
90599;951290;90599;4223;0;12805;0;708;11222;9118;18967;504;28834;4218;90599;617;0
208362;1312681;2229473;8912;0;12270;0;0;78164;16723;0;8368;63815;20110;208362;565;1
255662;790228;1882602;15804;7816;35200;0;13424;32350;1867;0;11876;98441;15642;232420;557;0
144719;684128;1078817;4129;0;7606;0;2535;46478;11540;0;6158;38361;14756;131563;570;1
81816;275199;855347;2994;10556;2809;786;822;21798;3397;23246;2342;0;5628;74378;532;0
311658;779145;4581373;9534;35598;13300;0;1993;73591;7001;78267;6574;66848;18952;311658;477;1
318996;1797975;3450952;6959;29554;10358;0;0;67798;24734;64936;5999;63959;15699;289996;562;0
9089;5050;36356;376;2247;836;0;278;1437;215;828;0;3630;252;10099;559;0
0;59602;99336;0;0;0;0;0;1098;153;1357;0;13475;473;16556;575;0
95443;242945;78089;4847;0;3513;0;0;28831;7347;0;2895;32340;6993;86766;609;0
165547;707336;391292;11250;5251;19829;0;10144;21667;10049;0;8684;53142;10481;150497;596;0
0;6300;10192;0;0;0;0;0;1205;127;0;0;0;521;1853;677;0
5461;3823;26759;241;0;946;0;331;1281;130;0;0;2255;277;5461;632;0
208803;656238;1894142;13139;0;24401;0;0;20517;7202;0;10621;60447;12818;149145;624;1
172700;316617;446143;16042;9014;34184;0;0;37031;17146;0;12437;0;18063;143917;643;0
4134;591;0;37;136;1701;0;0;253;0;0;0;3779;0;5906;678;0
16112;152329;5859;185;0;2832;0;184;2424;1725;0;99;6289;909;14647;607;0
403087;503859;2015436;32612;9490;36623;0;0;39157;11181;50881;15722;121191;19049;335906;614;0
185860;1412536;1040816;7797;0;5944;0;1705;51332;12577;48122;4848;41869;11666;185860;551;1
17013;17013;234397;1223;0;4162;0;1504;5264;1358;4113;0;0;1279;18903;464;0
114715;57358;504746;12951;0;26085;0;0;7558;5297;0;2649;56974;3201;114715;570;1
59514;136882;482063;1035;10909;2941;0;940;19359;3044;0;2422;13032;5832;59514;561;0
73060;862108;29224;3759;0;8010;0;604;9873;6860;16815;407;22988;3744;73060;655;0
99921;228390;656622;3102;0;12542;0;0;13333;2735;0;5509;27504;6647;71372;621;0
76768;179126;588558;3378;3198;12221;0;6797;12318;1547;0;5308;0;6412;51179;564;0
0;1903;27190;0;0;0;0;0;911;104;1263;0;0;441;2719;672;0
233016;332880;665760;10727;5129;19496;0;8190;20261;7148;0;8532;76671;10286;166440;633;0
398023;995058;2089622;22288;0;40610;0;0;38561;15914;50270;14238;131146;18659;331686;657;0
77055;107877;130994;6800;0;20992;0;6263;3891;635;10795;1562;24246;1871;77055;575;1
263334;614446;719780;11400;4727;17912;0;0;22581;8826;25388;7191;68123;9408;175556;647;0
127988;477047;1733660;9752;0;15255;0;0;16676;7726;0;6699;52198;8047;116353;522;0
50906;86540;330889;3930;5102;15576;0;0;5635;1400;14599;2114;0;2550;50906;600;0
12004;106836;4802;326;0;2947;0;0;1950;711;4856;132;0;1082;12004;599;1
33308;233156;105980;1980;0;2596;0;0;16116;2217;0;2160;0;5211;30280;663;0
48768;764037;10837;1039;0;10675;0;0;9503;8726;0;420;20264;3560;54187;655;0
11645;3494;22126;348;0;3271;0;0;3499;305;3225;0;0;997;11645;610;0
131299;131299;1432356;8523;0;17636;0;0;16511;10563;0;6658;51450;8022;119363;536;0
188257;363066;430301;10162;7004;26248;0;0;23624;6183;37575;9678;0;13995;134469;637;1
288302;967871;2924206;11647;6641;24885;0;14471;30885;5175;35581;10993;52492;13160;205930;528;0
202452;364414;1376674;6576;3849;20890;0;7430;17943;5244;0;6401;58947;7688;134968;527;1
80891;889801;64713;1686;0;9687;0;0;12751;14746;0;528;37065;4428;80891;607;0
21411;267638;38540;638;0;3817;0;200;3534;3247;0;156;8491;1328;21411;643;0
19722;1793;0;271;490;6532;0;0;1014;0;0;0;9622;0;17929;615;0
111234;141571;171907;5315;6463;19741;0;11239;6015;1395;18552;2687;26488;3227;101122;626;0
473959;1218751;1354168;17454;0;47750;0;0;41416;9576;53912;16658;131793;19983;338542;800;0
178893;1556369;2969624;5104;21882;5894;0;1798;50279;5966;48122;4443;23759;11646;178893;488;1
9805;8170;0;49;0;8317;0;0;794;0;0;0;7181;0;16341;664;0
402919;374139;2129713;26164;0;43343;0;17662;39627;16062;0;14591;111178;19172;287799;563;1
11706;11706;30727;1604;0;3356;0;0;4733;616;3299;0;0;1024;14632;663;1
230630;514483;1383782;8626;0;27699;0;0;20969;9765;27356;7749;65110;10134;177408;627;0
63931;671276;63931;1705;0;8986;0;714;9080;5240;15386;340;19058;3422;63931;616;0
275408;1904908;4452436;7040;29543;10465;0;2183;53170;3362;64954;5452;37626;15712;229507;557;0
31687;389750;63374;1096;0;5917;0;0;6971;3706;0;297;10991;2709;31687;644;0
91298;100428;666475;13913;5106;15457;0;0;5867;2410;14538;1755;29724;2528;91298;588;0
25842;146436;45941;222;0;4552;0;0;4910;964;9239;240;6532;2054;28713;605;0
181639;544916;1634749;10144;6055;22942;0;0;24239;3094;0;10090;41043;12135;129742;616;0
20846;268679;23162;1302;0;7125;28;529;7107;4124;0;286;0;2661;23162;584;0
21596;2160;60469;355;0;3337;0;0;3949;411;3241;0;9295;1008;21596;624;0
42650;263656;42650;1641;0;9403;0;840;13215;8823;0;516;0;4335;38773;614;0
130724;163406;1329031;11558;0;33776;0;0;27820;11213;0;11170;0;13400;108937;551;0
15619;123531;5680;303;0;2588;0;0;2136;498;4537;120;3013;1004;14199;625;0
128017;256034;1075343;7793;0;29514;0;0;10093;1770;0;4084;69881;4882;128017;575;1
140740;76767;933998;15947;7011;21152;0;0;7613;3582;0;2910;66238;3492;127945;578;0
53192;67698;130561;4450;3945;12016;0;6505;3907;1232;0;1508;12821;1972;48356;645;0
71729;78902;236706;11790;0;17435;0;0;5920;2560;0;2375;28795;2854;71729;635;0
117996;372141;190609;4668;2880;10911;0;0;12449;5632;0;4374;44139;5713;90766;639;0
33049;409808;3305;968;0;3605;0;345;4402;3591;7509;179;10788;1662;33049;686;0
78255;46953;735597;5211;4112;12464;0;8042;4253;1959;11777;1704;26681;2052;78255;495;0
105534;1034233;1245301;5219;0;4976;0;1564;37752;4740;0;4047;37503;9733;105534;516;1
45835;9167;242926;5994;3234;9742;0;0;3779;1125;0;1344;18994;1623;45835;562;0
502583;963284;1088929;24957;0;30553;0;15137;40654;19776;43008;12181;216557;15996;418819;603;1
202932;930105;2942514;5424;19769;6907;0;0;41064;5051;43503;3287;33561;10544;169110;513;0
168125;252187;1162863;18415;7703;29130;0;15525;31917;9260;0;12802;0;15352;140104;575;0
108880;108880;642392;10280;7652;23584;0;0;7889;4097;0;2908;48656;3814;108880;596;0
16092;16092;395148;392;4776;1809;0;722;2221;302;0;0;7111;547;17880;382;1
73423;241247;624096;7647;0;12874;0;0;16434;4400;0;4254;0;6836;52445;564;0
26956;12252;502352;1163;0;3606;0;1194;5092;1029;0;0;11329;1092;24505;420;0
309710;1032368;1471124;11393;9600;36463;0;0;34557;8613;51840;16019;70463;19144;258092;630;0
180463;257804;837863;6924;3002;11544;0;0;12736;6647;16159;4992;60886;6012;128902;604;0
18523;244914;41162;634;0;2385;0;0;2931;1685;4280;108;7608;950;20581;591;0
17875;11917;232374;927;0;1627;0;743;2993;693;0;0;12384;494;19861;512;0
0;11929;22081;0;0;0;0;165;208;31;0;0;1998;136;2538;623;0
132718;627396;1278922;7493;0;8866;0;1727;46571;4352;0;4573;35027;12044;120653;512;1
56326;757834;5120;1529;0;12427;0;0;9001;6640;17366;380;0;3862;51205;645;0
202192;974198;330860;10657;38207;11406;0;3222;78840;13997;0;7067;0;20415;183811;631;0
16619;3693;0;317;364;4714;0;0;744;0;0;0;12327;0;18466;607;0
89235;1106514;160623;2413;0;8757;0;0;10854;12639;18461;487;31555;4069;89235;631;0
81756;133783;282431;6500;3358;12627;0;6696;11678;3683;17989;5094;0;6699;74324;615;0
343136;1185380;1310156;20526;0;8744;0;2600;75165;13929;71727;6022;95868;17361;311942;650;0
6736;1123;0;149;252;3472;0;0;534;0;0;0;6820;0;11227;658;0
21958;251521;9981;1446;0;6299;0;0;6724;2267;0;290;0;2936;19962;611;0
0;27524;100088;0;0;0;0;808;1255;224;0;0;22170;565;25022;487;1
16383;14335;163832;1013;0;3082;0;1053;4084;664;0;0;9864;719;20479;462;0
134648;220333;514109;9141;6955;24801;0;12297;6652;999;20032;2901;35149;3480;122407;595;0
69502;158861;253184;6847;0;15732;0;0;11150;4367;0;5249;0;6299;49644;621;0
113117;863806;1090040;3723;22390;6032;0;1656;32325;3720;0;4547;16498;11943;102834;559;0
41076;362217;18671;2128;0;4980;0;0;7242;3196;0;253;17235;2308;37342;640;0
21507;341727;28676;475;0;7196;0;502;7240;5798;0;264;0;2422;23897;584;0
33183;302334;47931;1685;0;7794;21;0;10226;13172;0;385;0;3587;36870;601;0
55030;330178;18343;1012;0;13362;0;0;9436;5300;0;387;27325;4322;61144;630;0
208733;1878594;891858;10073;0;9720;0;3566;74025;16220;0;7301;49669;19183;189757;622;0
91743;394495;1266053;5729;0;4933;0;1670;38008;6059;0;3395;22084;9865;91743;496;0
11170;1396;26528;539;0;2303;0;681;1894;470;1598;0;5986;491;13962;587;1
19062;146142;36006;900;0;2518;0;0;3060;1752;5190;132;6479;1149;21180;650;0
22986;360114;48526;1450;0;3019;0;0;3641;2125;0;132;14025;1148;25540;554;0
181078;739400;1750417;9772;0;20989;0;0;22760;7786;0;8400;70120;11071;150898;559;1
236207;269950;1889653;876;0;21475;0;10654;17637;6067;30429;8618;61686;11277;168719;603;0
25569;176426;28126;868;0;3734;0;0;3266;3053;5548;132;7737;1231;25569;600;0
81200;121800;747040;15926;10044;30485;0;0;10436;5422;0;3844;0;5043;81200;565;0
662094;898556;4823825;37095;9631;36733;0;19184;52205;35744;52004;16070;194955;19303;472924;523;0
140887;305256;340477;5929;4347;16473;0;0;15408;3288;23366;7221;32696;8678;117406;673;0
60401;42281;398647;6505;3286;10079;0;0;3539;957;0;1368;33013;1654;60401;575;0
35705;42846;217800;3331;2142;6497;0;0;2213;1283;6140;814;12216;1069;35705;554;0
153910;125926;699590;18863;10251;42305;0;14872;10568;4302;29377;4255;0;5125;139918;591;0
360959;832983;2637780;9034;8794;33159;0;0;37516;5811;47158;14574;104010;17605;277661;646;0
50887;411723;18504;2421;0;7566;0;0;9153;1214;0;374;22109;3424;46261;661;0
8352;4772;0;96;440;5749;0;0;932;0;0;0;4714;0;11931;638;1
427030;952606;2102304;18158;8941;33961;0;16611;37017;6429;48045;14844;126645;17834;328485;559;0
185872;557615;480168;5767;4764;24748;0;9059;18096;3675;25744;7954;45494;9592;154893;620;0
161773;517674;2782496;3716;0;10547;0;0;55654;12124;59371;5982;0;14379;161773;520;0
423260;1237223;2897706;29389;0;41654;0;17705;40507;14512;0;15943;146689;19186;325585;522;0
246648;756387;493296;6309;4567;17395;0;0;18805;6238;24517;6943;70565;9093;164432;623;0
9016;5410;128929;210;2731;991;0;0;1299;156;0;0;3324;305;9016;536;0
14959;200451;11967;711;0;4204;20;0;2707;1587;4604;110;0;1016;14959;638;0
115560;219564;80892;8444;8039;24487;274;12228;8299;2116;0;3352;44293;4028;115560;625;0
68906;218204;562736;3875;3612;13765;0;6397;13466;4044;0;5008;0;7255;57422;541;0
33697;13479;320122;4805;0;9125;0;0;2504;1154;0;1251;13351;1507;33697;560;0
23062;345924;30749;958;0;2129;0;185;2984;4588;4422;110;9270;978;25624;604;0
120222;204377;1166153;15331;0;22689;0;13935;7672;2184;0;2575;52111;3725;120222;538;0
82484;749850;922316;4308;0;5171;0;0;30983;3052;0;4305;16811;10355;74985;558;1
21822;216038;28369;459;0;4214;0;0;3914;2397;8706;209;0;1923;21822;634;0
414920;1357920;2414080;33407;7557;28910;0;16109;42176;26977;0;12612;194290;15162;377200;538;0
18306;7322;60410;549;8021;3005;0;1342;3904;566;0;0;0;919;18306;614;0
17716;265748;11811;1375;0;5308;0;0;5541;4736;0;288;0;2437;19685;653;0
72542;87050;696403;6667;0;16002;0;0;5413;1898;15093;1822;23034;2613;72542;585;0
241585;704624;2134003;17817;0;17376;0;9375;19937;10601;24968;7074;84945;9228;201321;537;0
90168;18034;234437;5121;0;31543;0;8897;4524;786;14886;1976;19838;2597;90168;590;0
337242;2422014;4046909;9034;0;9786;0;2789;81836;17560;80196;7409;78487;19487;306584;502;1
61064;97702;103809;8538;4352;17749;0;6268;5314;2519;12488;1659;0;2177;61064;584;0
282341;927691;2399897;8560;0;29174;0;16109;27705;10040;0;11697;83039;15348;201672;609;0
342659;1588691;4174207;13666;0;10059;0;3429;81233;11820;83269;8391;79513;20128;311508;573;0
120168;132185;733025;17729;7817;23732;0;0;8581;5274;0;2966;50185;3884;120168;572;1
44701;272676;8940;965;0;6422;0;0;6957;3767;13423;292;9897;2978;44701;656;0
42073;538534;33658;2217;0;6929;0;520;8508;5927;14393;384;0;3195;42073;655;0
14610;86333;15938;359;0;3094;0;0;2769;1593;4380;120;0;967;13282;570;1
19513;12417;342363;393;0;2552;0;1000;3614;365;0;0;9040;775;17739;512;1
243779;1950230;1950230;7070;25530;10298;0;0;52885;11194;56336;4730;39969;13605;221617;610;0
90445;1068899;8222;2627;0;9428;0;904;11480;5246;19548;516;28129;4345;82223;645;0
341314;414453;1925988;14421;0;44548;1149;13405;34544;9436;0;13927;95634;16732;243796;527;0
66839;613706;0;5569;0;8176;0;0;13275;6295;0;444;23249;3755;60763;596;0
122086;325562;2004239;8587;0;7188;0;0;54543;11975;0;5382;0;14063;101738;510;1
144998;474538;1647700;6603;0;15104;0;6943;16163;8066;21025;5414;44681;7817;131816;532;0
30478;450404;47411;681;0;5075;0;0;5987;1412;10703;257;7381;2369;33865;616;0
351365;432450;3216344;19913;0;28459;0;16263;36424;16734;0;12351;125260;14877;270281;494;0
7325;2747;36624;28;0;2169;0;0;3036;229;0;0;3037;657;9156;625;1
205316;914590;1978501;17074;8406;36922;0;0;34796;13666;45116;13941;0;16730;186651;554;0
0;13123;21735;0;0;0;0;0;291;87;403;0;3172;148;4101;618;1
362734;1352008;5968620;11208;32321;8714;0;2114;79825;12203;71037;7158;87960;17218;329758;512;0
97081;153712;347874;7903;3888;15066;0;0;16071;2836;20901;6458;0;7778;80901;629;0
320497;1228573;908075;18619;0;49642;0;0;38884;15450;0;15401;109005;20080;267081;699;0
45999;528988;45999;2888;0;5242;0;0;6512;6166;0;288;22498;2405;45999;602;0
156221;781104;511268;20429;0;7971;0;2736;66150;23028;0;6002;0;15703;142019;600;1
152964;588325;1682610;11982;0;15515;0;0;17791;7452;0;6698;50169;8058;117665;545;0
56174;56174;455009;5163;2563;7807;0;0;3198;1498;7356;1068;26241;1280;56174;565;0
42209;473680;84418;2722;0;5949;0;0;7493;8301;0;297;19405;2732;46899;601;0
0;7705;24040;0;0;0;0;335;392;65;708;0;1336;246;3082;614;0
238986;614534;597464;23287;9269;50281;0;0;40782;13307;0;15353;0;18425;170704;588;0
428459;1285376;2882359;36862;0;36959;0;0;42728;13430;51486;15910;172948;19185;389508;578;0
6238;6931;4852;226;0;878;0;0;1222;158;850;0;3332;265;6931;677;0
370505;598508;912013;12821;9077;34976;0;15824;37563;13038;49078;15165;79103;18359;285004;676;0
44184;614158;26510;1818;0;4897;0;441;6073;3529;10302;230;14599;2295;44184;642;0
182234;1242502;1722937;9141;0;7761;0;0;59754;12873;0;6403;54372;15363;165667;553;0
15758;15758;58305;670;0;3725;0;1038;3033;222;0;0;6286;784;15758;614;0
308104;872960;539181;14797;0;24090;0;13791;29656;7556;34457;8872;110732;12802;256753;607;0
273858;252792;1200762;8940;8532;32010;0;0;34885;9886;45713;14124;39620;16950;210660;680;0
393495;2911863;1062436;23331;37729;10218;0;0;91732;23450;83095;8372;95486;20082;393495;684;0
201875;689739;1598176;10489;0;28080;0;15813;26500;5205;0;12130;55457;14555;168229;585;1
167939;251908;1735368;5049;0;31970;0;9273;17643;4293;23700;7323;31896;8802;139949;500;1
39814;7963;398140;2194;0;3744;0;1597;6078;942;3673;0;20442;1144;39814;546;0
69451;868138;55561;3632;0;8003;64;0;8345;6432;12847;308;26958;2862;69451;576;1
137237;212094;736090;10104;6665;20442;0;11378;6825;1199;19018;2755;43067;3308;124761;574;0
0;13756;20474;0;0;0;0;877;1552;142;0;0;0;628;3199;492;0
32597;420803;20744;1829;0;4661;0;387;6579;4079;9697;252;0;2150;29634;622;0
86362;69090;371357;10060;4642;14032;0;0;5017;2148;13282;1923;32935;2323;86362;616;1
57702;853990;17311;4148;0;8324;0;839;10969;11816;17326;456;0;3824;57702;629;0
107401;1405973;146456;2555;0;9583;0;0;13651;9919;20032;528;36942;4427;97637;638;0
5704;815;0;37;0;3145;0;0;343;0;0;0;4623;0;8148;617;0
358794;938383;883184;17435;0;33363;0;0;39637;18562;0;13434;135959;17605;275995;713;0
125522;182578;821599;5807;0;31502;368;0;7531;2627;22841;3033;36417;3985;114111;599;0
57215;732352;57215;2684;0;5149;0;355;7471;6470;0;264;32443;2379;57215;610;0
46636;575180;15545;2359;0;8519;0;0;10464;8501;0;429;17608;3938;51818;677;0
50970;477261;13901;1809;0;9750;0;0;6889;7562;0;341;16839;3146;46336;627;0
19773;1977;120615;673;4806;2175;0;598;2572;524;0;0;7873;552;19773;572;1
32259;20162;1112942;1202;9394;3559;0;1324;5855;1144;3459;0;13313;1074;40324;300;1
298506;964404;711822;14001;8032;43451;0;0;32220;7725;43468;13432;51127;16164;229620;669;0
321054;691502;543323;9635;9128;34703;0;0;35641;7363;48937;15120;68249;18189;246965;613;0
275838;845903;588454;10242;7363;27887;0;15746;28560;8103;0;10143;61219;14629;183892;634;0
202230;173340;1184490;7672;0;22550;0;0;23233;9559;0;9105;60403;11928;144450;590;1
134922;359792;1113106;4365;0;26200;0;9792;17223;10396;26855;7608;0;9996;112435;525;0
77892;1107802;77892;1240;0;9272;0;799;11488;6394;19476;516;33052;4310;86547;630;0
0;6757;22149;0;0;0;0;0;1348;212;1629;0;0;565;3754;591;0
382228;682550;1501610;16814;0;26973;0;0;33334;11026;39001;12051;119269;14552;273020;643;0
83162;198310;806035;4056;0;12933;0;0;11984;1013;0;5260;21815;6910;63971;573;0
159927;930483;189004;1068;23023;6183;0;0;42203;4862;50677;5107;0;12265;145388;647;0
86868;78181;677570;15279;0;30254;0;17877;11441;3196;0;3821;0;5000;86868;564;0
38535;558758;11560;1209;0;4235;0;0;5213;4223;8838;209;12635;1973;38535;628;1
45872;293581;59634;872;0;6643;0;0;8069;5572;0;360;21326;3030;45872;639;0
14409;16010;422664;1182;0;3977;0;0;5722;860;3261;0;0;1008;16010;363;1
7532;1369;193770;103;0;980;0;0;1350;153;1003;0;2951;307;6847;459;0
462162;957336;3697299;10653;0;38109;0;18255;41288;17124;53754;16610;114336;19987;330116;572;1
64103;52448;536130;10682;0;17869;0;0;6143;1071;17068;2472;0;2970;58275;589;0
60299;32890;405646;4216;4363;13331;0;7452;4206;1135;0;1661;16278;2175;54817;593;0
386108;675690;1512258;21654;0;35400;0;21439;45554;13706;50109;14195;101033;18667;321757;535;0
77889;116834;724368;12735;0;25247;327;0;7793;1653;0;2864;23135;4135;77889;596;0
281577;974691;888052;14890;7408;28429;0;0;29150;6251;39857;12316;63576;14721;216598;617;0
291949;604752;2043643;7817;0;27687;0;16250;27165;8381;39422;12182;55015;14616;208535;622;0
169253;278058;1402382;10083;0;22816;0;0;16748;5787;0;6178;51201;8082;120895;565;0
31869;237570;31869;2265;0;8443;0;489;8796;5786;0;337;0;2856;28972;581;0
153609;184331;691240;9556;9798;30059;0;17567;8957;1568;28073;3387;39740;4904;153609;591;0
125508;460196;794884;8243;0;13488;388;0;14713;4199;0;5919;50541;7099;104590;596;0
17680;170903;25537;771;0;3861;0;365;4781;1901;0;198;5997;1770;19644;595;0
56888;865963;94814;1216;0;7908;0;586;9044;3230;16418;396;20766;3645;63209;621;1
29502;8851;188813;4177;2777;8549;128;0;2845;524;7961;1152;0;1389;29502;564;0
159977;47993;399942;20506;0;29935;314;17059;10118;3531;0;4077;69536;4901;159977;596;0
82531;103164;646494;8676;3150;12055;0;0;13038;3748;16994;4814;0;6301;68776;571;0
28511;322174;37064;1342;0;3576;0;0;4882;4056;0;176;12828;1651;28511;595;0
140505;1136815;89412;5299;0;3665;0;0;33457;6128;29987;3021;38901;7274;127732;626;0
40312;540181;32250;2293;0;7261;0;0;7686;5962;0;288;14338;2484;40312;630;0
101880;138927;944704;7899;3820;14706;0;7823;14401;2649;0;5829;27881;7610;92618;547;0
318170;2400734;1851168;9785;0;9803;0;0;79455;10069;79176;7977;73777;19203;289245;588;0
86786;433928;899414;4098;0;2847;0;1042;18324;4041;23193;1947;17768;5636;78896;521;1
176145;739809;2730248;8009;32856;8954;1082;0;63931;3029;0;7287;33433;17564;176145;547;1
10652;10652;314234;143;0;3520;0;0;3297;298;2476;0;2814;767;13315;339;1
157429;1159248;1073378;7795;17079;4619;612;0;42368;6851;0;3166;51479;9148;143117;568;0
60765;103300;54688;3199;0;12834;0;7926;4385;2039;0;1471;26788;2123;60765;617;0
40936;24562;8187;4438;4071;14052;0;0;3192;745;0;1693;10715;2030;40936;666;0
139858;301232;892939;9644;0;20956;0;0;22573;5157;29297;9054;0;10902;107583;597;0
86015;51609;670917;12361;0;24015;0;12742;7198;3366;19972;2894;0;3467;86015;541;1
183004;750316;2488854;5506;36724;13353;0;0;59170;10431;0;8114;30177;19529;183004;558;0
40198;259462;3654;1109;0;4069;0;354;4906;2839;8302;198;12926;1841;36544;649;0
267260;229080;400890;16849;0;25605;0;0;27893;8415;0;11237;87380;13521;190900;708;0
27028;278388;21622;870;0;2526;0;224;3408;3171;5371;144;10120;1194;27028;576;0
112176;179482;964714;9205;7218;22128;0;0;7496;2079;20828;3017;36581;3624;112176;579;0
80896;145613;0;5065;6544;25008;0;0;5554;2118;0;2493;30833;3281;80896;663;0
522998;1150594;2126856;24330;0;34093;0;18610;37705;16885;48972;13869;136010;18191;348665;579;1
7087;4430;0;32;363;4856;0;0;689;0;0;0;2919;0;8859;681;0
167684;642790;1816581;10501;0;21521;0;0;20098;8657;0;8540;59187;11233;139737;593;0
44879;648258;59839;1972;0;9077;0;0;11000;5132;0;492;18047;4146;49866;659;0
178922;536765;1691622;10959;5356;25501;427;0;22074;9457;0;8872;69350;10660;162656;567;0
0;6269;20494;0;0;0;0;0;1555;322;0;0;0;534;2411;549;0
202059;450747;1056924;2282;5431;20778;0;10841;21909;5984;29320;8307;39663;10915;155430;592;0
9358;5615;151600;551;0;860;0;0;1450;222;871;0;5140;264;9358;499;0
20007;22508;457665;1451;10607;5233;0;0;5629;867;0;0;0;1222;25009;423;0
200078;100039;720281;29960;0;29332;0;0;10240;6501;27832;3695;87674;4844;200078;621;1
14241;145572;3165;193;0;2080;0;0;2571;1183;4369;110;4346;971;15823;624;0
70447;28179;317012;3452;6231;22720;0;0;5313;1258;0;2590;25780;3103;70447;611;0
30593;397706;40790;1656;0;6025;0;585;7382;2671;12562;336;0;2775;33992;638;0
38166;33926;368941;1307;8984;3376;0;1318;5236;1519;0;0;19634;1033;42407;490;0
70512;21154;197434;17748;0;30077;0;0;10330;3920;0;3445;0;4992;70512;626;1
64188;911470;77026;1597;0;6764;0;0;9752;8161;14124;341;20305;3144;64188;660;1
199790;744671;2125036;3185;34772;9375;0;0;68225;7609;0;7739;32131;18591;181627;588;0
165661;90361;707825;8694;0;36363;0;0;8805;3141;24580;3263;61460;4295;150601;613;0
88668;150053;197797;4538;0;13017;0;0;8738;2940;0;4261;29570;5142;68206;630;0
158055;244266;1350648;7859;10119;30364;0;0;10418;3033;0;4211;72611;5071;143686;566;0
275878;220703;2611650;41262;6132;22958;0;10473;29968;17719;32987;10192;0;12228;183919;563;0
57540;621432;57540;1593;0;12204;0;0;10875;9930;18399;440;0;4099;57540;629;0
6141;1228;0;51;339;4414;0;0;704;0;0;0;6774;0;12282;586;1
39709;15884;778296;581;9929;3738;0;0;5264;1077;0;0;17989;1131;39709;485;1
26625;18638;175725;4730;0;7912;0;0;3201;927;7476;1080;0;1299;26625;571;1
13766;5162;471472;925;3626;1376;0;0;2257;319;1339;0;6949;416;17207;366;1
32929;256116;43906;1127;0;9391;0;612;7557;3462;0;341;11018;3080;36588;613;0
153573;1298392;2136064;8677;0;7051;206;1871;49806;11160;45589;4212;0;11040;139612;483;1
12024;1718;0;101;0;4961;0;0;792;0;0;0;11323;0;17177;651;0
10847;8875;195248;671;4258;1784;0;0;2256;405;0;0;0;487;9861;507;0
3790;1137;0;52;233;3050;0;0;455;0;0;0;0;0;3790;659;0
39081;499364;39081;1422;0;6506;0;0;7026;6539;0;348;18620;2962;43423;618;1
191298;1043442;1321693;2900;22005;5933;0;0;41728;3035;48313;4868;33404;11721;173907;591;0
15881;11117;123872;815;6830;3234;0;706;3255;258;0;0;0;783;15881;522;0
117622;176433;717494;11124;0;30422;0;12903;7361;3299;0;2956;45988;3569;117622;526;0
298406;682070;2131470;16565;6796;25567;0;0;28150;12952;36570;11300;61609;13638;213147;552;1
84915;169830;246254;6253;0;18792;0;0;5068;1698;17402;2521;30144;3037;84915;644;0
41942;468987;53381;1197;0;8595;0;558;7062;4768;12783;336;0;2830;38129;585;0
44768;40698;773262;1456;8018;3019;0;1371;4992;1034;0;0;19896;912;40698;453;1
9451;0;221153;249;2353;1801;0;379;959;107;867;0;2470;266;9451;379;1
102238;194252;122686;11364;0;27145;0;0;6514;2630;0;2636;48773;3176;102238;621;1
262629;675331;2626288;14543;0;36513;925;0;28783;11391;0;11575;69962;13900;187592;525;1
388814;742281;2156149;13972;0;55118;0;0;41989;19431;54609;15470;132518;20360;353467;633;0
239024;1533740;2370325;12477;0;6129;0;2165;50508;9330;50204;5059;51192;12123;199187;576;0
43716;528964;4372;5541;0;12219;0;0;12229;8882;0;516;0;4329;43716;662;0
50936;45842;463518;9147;6765;20538;121;0;6290;1896;0;2805;0;3374;50936;576;0
9609;1922;0;189;0;3836;0;0;615;0;0;0;4969;0;9609;630;0
0;7986;41261;0;0;0;14;0;989;123;0;0;11787;397;13310;560;0
26768;10038;378098;1288;0;4249;0;0;5937;757;0;0;19955;1274;33460;542;1
148708;1382984;2676744;7797;0;6231;0;1534;56829;12202;0;4240;47623;12252;148708;484;0
48358;42985;1171336;1038;10670;4636;0;1470;6144;1288;0;0;27267;1218;53731;343;1
288056;493810;946468;18176;8834;33736;0;19640;36708;8504;47697;14738;0;17721;205754;589;0
116447;186315;931576;8764;6972;21331;0;11982;7194;4264;0;2649;49823;3468;116447;547;0
204368;1839312;3269888;7408;32224;8707;0;0;65986;16483;0;6527;49971;17062;204368;467;1
26498;339174;31798;1340;0;5124;0;0;5201;4062;8626;228;0;1917;26498;608;0
42063;37857;37857;3967;3082;9568;0;0;3197;1485;0;1284;17931;1549;42063;660;1
191741;479353;903923;8417;4318;16438;0;0;19876;8872;0;6589;63792;8656;136958;630;0
185365;320177;117960;26709;0;41686;0;0;9675;2786;26732;3871;52390;4665;168514;635;0
0;8448;30720;0;0;0;23;589;1038;247;1440;0;0;503;3840;499;1
178532;471835;1351744;6348;5156;19525;0;0;15365;6458;27578;8522;28302;10269;127523;605;0
7650;4371;0;132;265;3533;0;0;538;0;0;0;6460;0;10928;618;1
16708;148512;18564;373;0;4506;0;230;4462;1063;0;150;6264;1516;18564;611;0
223930;2216907;738969;8999;33333;11947;0;2989;68922;10564;0;6768;62695;17713;223930;637;0
222426;606615;1294112;14617;5973;48598;0;0;24729;9872;0;9102;77291;12023;202205;585;0
158684;952103;2582218;9510;0;9273;0;0;63669;9740;0;6954;26827;18285;144258;528;0
44426;17770;93295;2817;3106;9420;0;0;2999;1111;0;1290;22137;1546;44426;636;0
318615;1115152;2594435;8764;6283;38212;416;10644;23759;7558;34033;10516;74802;12595;227582;577;0
7127;2036;0;90;266;3459;0;0;542;0;0;0;5825;0;10182;600;0
0;6010;18814;0;0;0;0;0;705;78;1357;0;0;473;2613;564;1
116651;137860;922600;20920;0;21141;0;0;7610;4444;0;2617;45886;3428;106046;570;0
176066;1584594;1424534;5395;0;11862;0;2184;58290;4131;58564;5409;0;14225;160060;566;0
9172;3669;76128;224;0;2274;235;823;2460;333;2158;0;0;665;9172;566;0
21744;125632;45904;1035;0;5807;0;0;4832;2974;0;210;7214;2088;24160;606;0
87334;674858;1579960;2480;0;6683;0;1148;29786;3816;0;3670;23041;8771;79395;430;1
7700;1711;0;101;0;3239;0;0;483;0;0;0;4732;0;8555;627;1
163896;506586;1385663;8069;15329;4125;0;1242;32829;10285;33926;3133;31814;8244;148996;549;1
293346;900992;3059182;19632;7020;26563;0;0;28943;10070;0;10729;92440;14136;209533;621;0
169063;783839;1859697;17041;30600;8335;329;2868;65731;5759;0;6777;0;16254;153694;547;1
80621;16124;395043;5077;4185;12556;0;0;4571;2143;0;1740;48267;2082;80621;588;0
23742;7914;263800;488;0;3684;283;0;4736;644;0;0;15409;1136;26380;525;1
22543;275025;22543;881;0;3260;0;292;3967;1838;0;165;10636;1504;22543;619;1
34023;20414;95264;7501;0;16082;0;0;4664;1130;0;2018;0;2628;34023;641;0
378725;622191;4030718;23956;0;38101;0;0;41447;14290;0;16716;115904;20104;270518;572;0
186574;149260;1119447;21174;6190;32614;0;0;27016;15628;0;9435;0;12326;124383;561;1
73994;44396;628949;4711;6982;31192;0;0;6745;671;0;2673;17515;3505;73994;555;1
13661;168898;18628;744;0;3647;0;0;4241;1883;0;204;0;1700;12419;625;1
34803;435038;13921;1032;0;4860;0;0;5712;2256;10037;264;8422;2220;34803;674;0
119566;489132;1163047;6581;4381;24320;0;0;14448;5322;0;6675;38256;8713;108696;557;0
266057;665144;1235266;12620;0;28443;0;0;30986;12584;0;11470;78934;15004;190041;580;0
68967;55174;572426;3577;6387;19360;0;0;5363;1583;0;2436;27076;3185;68967;581;1
8988;3268;6537;224;2428;905;0;0;1052;105;0;0;3180;277;8171;661;0
24082;280959;0;738;0;3822;0;0;4716;4165;0;216;11338;1763;26758;628;0
359558;419485;4344664;23337;0;27362;0;0;33561;13828;39085;12077;135886;14496;299632;524;1
17116;123235;5135;749;0;2449;0;202;2928;1687;0;132;7869;1100;17116;654;0
42325;609480;33860;1051;0;7643;0;718;8571;4420;15948;420;0;3554;42325;642;0
59723;77640;334449;4038;5178;15642;0;8378;5328;1502;14900;2159;0;2598;59723;586;0
65215;592860;11857;2237;0;7118;0;0;8731;7963;14816;392;14745;3284;59286;663;0
180627;614132;180627;6134;25034;6679;0;2304;57084;9227;0;5555;55240;13370;180627;613;0
123476;473326;1440558;9640;0;13640;0;5426;14715;5948;0;5447;40914;7167;102897;544;1
106933;194424;855466;11078;0;17458;0;0;5947;3089;0;1537;55881;2222;97212;532;0
21618;190634;11792;985;0;2442;0;0;2935;2627;0;112;9592;960;19653;589;0
39300;247590;55020;2199;0;6858;0;595;6769;2450;0;341;16981;3107;39300;638;0
82514;115520;651861;1614;0;21928;271;13839;6040;1060;0;2516;31613;3633;82514;570;0
20217;10108;80868;1771;8333;3199;0;1340;3839;779;0;0;0;956;20217;561;0
69510;191152;254870;4808;0;11066;0;0;12162;3448;15713;4856;0;5872;57925;626;1
289356;1078509;3077697;11116;29891;8127;0;3027;62102;9408;65893;6087;51460;15940;263051;546;0
100653;785093;1459468;3967;21132;7211;0;1796;43849;6741;0;4696;0;11261;100653;498;1
52682;47414;52682;6604;0;10819;46;0;2584;1268;6955;1008;22181;1217;52682;591;0
44806;24440;232178;556;10712;4041;0;0;6238;505;3965;0;13482;1234;40733;622;0
120753;169054;362259;4598;8819;26842;0;0;7981;2506;25359;3674;36580;4394;120753;655;0
0;15842;62576;0;0;0;0;315;482;74;611;0;6225;214;7921;560;1
16772;8386;0;238;0;5249;0;0;850;0;0;0;14628;0;20965;619;0
0;19808;49521;0;0;0;0;229;420;57;0;0;4932;188;5826;531;0
110735;387572;230698;5681;0;22126;0;7622;14858;6183;21310;6585;0;7914;92279;603;0
92747;176219;500834;8748;6942;20992;0;0;7172;2780;0;2405;40226;3482;92747;606;0
51154;81846;219962;5144;0;10068;0;0;3438;367;9548;1381;19538;1670;51154;617;1
30684;52163;147283;1438;0;6730;0;0;2303;922;0;843;17345;1103;30684;549;1
339872;962972;2747302;25286;9198;45137;0;0;37956;16083;0;13954;117286;18327;283227;558;1
83800;645260;16760;2851;0;8769;0;0;10872;8808;18468;488;29461;4083;83800;677;0
0;24686;44884;0;0;0;0;640;856;123;0;0;9161;441;11221;540;1
113185;158459;633836;5441;0;30381;0;12483;7235;2143;0;2906;49098;3498;113185;544;0
248788;580504;1492726;17793;0;18875;0;10199;22116;8521;26755;8266;84838;9960;207323;596;0
153309;129723;518892;7006;3424;13274;0;0;14030;1605;18359;5673;47748;6811;117930;634;0
70477;56382;288956;15513;5910;17959;0;0;6530;2297;16872;2444;0;2952;70477;606;0
9825;1228;0;88;392;7045;0;0;705;0;0;0;4051;0;12281;669;0
30027;318286;39035;2292;0;4270;0;339;5649;6290;8966;240;0;1981;30027;641;0
256740;770221;2347341;15648;0;23972;0;0;26083;6348;0;9635;89018;12682;183386;566;0
259146;1922000;1662854;12180;27246;7493;0;2029;59790;12789;0;5577;74180;14671;215955;587;1
71471;903139;110456;4582;0;7516;0;0;11395;7775;0;408;29859;3439;64974;608;1
140835;380254;1816772;16362;0;13672;0;0;73754;10846;0;7237;0;18964;140835;506;1
23415;192526;41627;609;0;4066;0;0;3985;925;8450;228;5886;1868;26017;663;0
129221;1116003;281938;3248;0;7488;0;0;38877;5343;46510;4686;0;11322;117474;637;1
0;68775;131298;0;0;0;0;0;1117;159;1393;0;17686;486;20841;497;1
149199;287742;1257538;8744;0;26681;0;16073;23899;9403;0;7766;0;14005;106571;557;1
469173;597129;3796037;43255;0;36957;0;0;53910;45428;0;13382;214310;19279;426521;486;0
122839;368518;323849;2082;0;4689;0;0;32785;4111;38443;3549;16718;9295;111672;648;0
215612;842847;1332875;9796;0;26816;0;15927;31482;8473;0;10814;78501;14202;196011;632;1
164658;120749;1284332;19797;0;17512;0;0;23643;7956;24701;6998;0;9165;109772;584;1
15937;0;37187;645;4525;1725;0;0;2428;374;0;0;7488;523;17708;593;0
81290;966445;162580;1255;0;9637;0;0;13714;11765;19813;521;29216;4401;90322;639;0
8981;5613;0;123;0;3897;0;0;634;0;0;0;6572;0;11226;636;0
7226;7226;154960;320;0;1581;0;0;1401;228;0;0;4169;330;8029;425;1
144289;230862;1010023;6379;0;25932;244;10945;8701;1990;24262;2930;58699;4207;144289;562;1
164824;545188;621261;10238;0;24989;999;0;26007;7553;0;10208;33311;13483;126788;629;0
251930;197945;2483310;9376;0;62529;0;17321;46103;10153;0;14871;0;19597;179950;525;1
4574;3268;0;83;0;2114;0;0;342;0;0;0;3996;0;6535;636;1
37575;75150;247995;4729;2595;7998;0;0;2663;493;0;1076;16728;1293;37575;547;0
78987;57445;445197;7172;0;12419;0;0;3837;1070;10344;1500;33659;1805;71806;571;0
13186;4395;99627;431;3644;1387;0;561;1947;195;0;0;6071;415;14651;574;1
263308;283563;2734358;4563;0;24051;0;13041;29857;9777;34100;10536;63977;12643;202545;521;1
107006;690674;1342436;3369;10350;2758;0;0;23200;4479;22752;1910;22972;5488;97278;531;0
123155;145547;1007631;12977;0;30969;0;16979;8504;800;0;4235;32384;5111;111959;575;0
436101;407028;1831624;10320;7764;29618;0;14643;37122;18665;0;12898;144257;15447;290734;691;1
83816;963884;142487;1653;0;8955;0;0;11067;9972;18751;492;28765;4161;83816;628;0
18226;0;553603;608;0;3273;0;0;4467;536;3230;0;9664;1004;22782;388;0
25645;17952;251321;734;9051;3439;0;1463;3476;377;0;0;6072;1033;25645;519;0
175426;593749;1376419;7539;4690;17682;1282;10543;16711;8090;0;7133;51916;9357;134943;566;0
126227;126227;830993;8637;0;13377;0;7706;14505;6888;0;5841;41186;7049;105189;564;0
165210;690879;2207808;6123;5599;21300;0;0;17709;6468;30217;8562;42966;11247;150191;555;0
69678;563762;931157;3263;10504;2816;0;0;21721;4721;0;2139;12535;5645;63344;518;1
172144;1047207;2209176;3504;19467;5227;0;0;37556;5418;42735;3947;15252;10347;143453;574;0
3935;984;0;102;293;3934;0;0;590;0;0;0;0;0;4919;672;0
63078;37847;473085;7974;4605;14085;0;0;4278;1612;0;1750;26470;2304;63078;593;0
113983;82897;269415;13160;5732;17865;0;10434;7019;2788;0;2392;41339;2892;103621;575;0
40076;40076;320610;4237;0;8350;0;0;2806;980;0;1130;17563;1367;36433;562;1
176478;544140;1573596;8979;9904;45500;0;0;37260;10478;0;15150;0;19794;147065;558;1
279600;675700;3378500;6774;0;45978;0;18831;34142;6838;43504;13443;47348;16142;233000;538;1
215980;701934;1187888;15861;0;29523;0;0;28432;12081;0;8941;73380;11765;179983;561;1
388824;453628;2300542;33031;7167;27092;0;0;40413;20623;38491;11893;131052;14258;324020;543;0
103993;75631;841397;7627;7241;21903;0;12991;7225;2341;0;2769;28797;3645;94539;555;0
39699;396990;3970;2225;0;6056;0;567;7384;4229;0;308;16136;2794;39699;619;0
192987;791247;1370208;8304;0;9671;0;0;74192;11189;0;7949;62608;19074;192987;587;0
18830;2354;393068;1282;0;2799;0;0;3963;715;2754;0;11174;850;23537;411;0
328892;1465066;5501471;16701;0;9778;0;3216;74781;14270;79932;6712;74298;19305;298993;418;0
81404;88805;680837;5400;0;28839;0;0;7033;1737;0;2890;24625;3480;74004;589;1
0;42428;30760;0;0;0;0;0;608;147;780;0;8804;268;10607;499;0
36011;8002;604181;1993;9622;3587;0;0;6049;871;3549;0;13244;1097;40012;507;0
44266;309859;44266;1574;0;7496;0;0;8371;9093;0;374;18840;3436;49184;657;0
